<?xml version="1.0"?>
<config>
   <sections>
       <awafptc translate="label" module="awafptc">
            <label>Add Free Product To Cart</label>
            <tab>awall</tab>
            <frontend_type>text</frontend_type>
            <sort_order>100</sort_order>
            <show_in_default>1</show_in_default>
            <show_in_website>1</show_in_website>
            <show_in_store>1</show_in_store>
            <groups>
                <general translate="label">
                    <label>General</label>
                    <show_in_default>1</show_in_default>
                    <show_in_website>1</show_in_website>
                    <show_in_store>1</show_in_store>
                    <sort_order>1</sort_order>
                    <fields>                        
                        <enable translate="label">
                            <label><![CDATA[Enable Extension]]></label>
                            <frontend_type>select</frontend_type>
                            <source_model>adminhtml/system_config_source_yesno</source_model>
                            <sort_order>1</sort_order>
                            <show_in_default>1</show_in_default>
                            <show_in_website>1</show_in_website>
                            <show_in_store>1</show_in_store>
                        </enable>
                        <allow_readd_to_cart translate="label">
                            <label><![CDATA[Allow to re-add free product if it was deleted from cart]]></label>
                            <frontend_type>select</frontend_type>
                            <source_model>adminhtml/system_config_source_yesno</source_model>
                            <sort_order>2</sort_order>
                            <show_in_default>1</show_in_default>
                            <show_in_website>1</show_in_website>
                            <show_in_store>1</show_in_store>
                        </allow_readd_to_cart>
                    </fields>
                </general>
                <popup translate="label">
                    <label>Popup</label>
                    <show_in_default>1</show_in_default>
                    <show_in_website>1</show_in_website>
                    <show_in_store>1</show_in_store>
                    <sort_order>2</sort_order>
                    <fields>
                        <do_not_show_allowed translate="label">
                            <label><![CDATA[Display option "Do not show this pop up again"]]></label>
                            <frontend_type>select</frontend_type>
                            <source_model>adminhtml/system_config_source_yesno</source_model>
                            <sort_order>1</sort_order>
                            <show_in_default>1</show_in_default>
                            <show_in_website>1</show_in_website>
                            <show_in_store>1</show_in_store>
                        </do_not_show_allowed>
                        <cookie_lifetime translate="label comment">
                            <label><![CDATA[Cookie lifetime]]></label>
                            <frontend_type>text</frontend_type>
                            <sort_order>2</sort_order>
                            <show_in_default>1</show_in_default>
                            <show_in_website>1</show_in_website>
                            <show_in_store>1</show_in_store>
                        </cookie_lifetime>
                    </fields>
                </popup>
            </groups>
        </awafptc>
    </sections>
</config>