"Order Number",SKU,Price,Quantity,"Discount Percent","Discount Amount",Amount,"Brand ID of SKU"
1210000211,141001EPLF,180.0000,4,,0.0000,720.0000,
1210000211,PS140309,0.0000,4,,0.0000,0.0000,
1210000210,141001EPLF,180.0000,1,,0.0000,180.0000,
1210000210,141001FP,180.0000,1,,0.0000,180.0000,
1210000210,PS140309,0.0000,1,,0.0000,0.0000,
1210000210,PS141001SP,0.0000,1,,0.0000,0.0000,
1210000209,141001EPLF,180.0000,1,,0.0000,180.0000,
1210000209,PS140309,0.0000,1,,0.0000,0.0000,
1210000208,141001FP,180.0000,1,,0.0000,180.0000,
1210000208,PS141001SP,0.0000,1,,0.0000,0.0000,
1210000207,PS140309,0.0000,1,,0.0000,0.0000,
1210000207,141001EPLF,180.0000,1,,0.0000,180.0000,
1210000206,141001EPLF,180.0000,1,,0.0000,180.0000,
1210000206,141001WT1,180.0000,1,,0.0000,180.0000,
1210000206,PS140309,0.0000,1,,0.0000,0.0000,
1210000205,141001FP,180.0000,1,,0.0000,180.0000,
1210000205,141001AD1,180.0000,1,,0.0000,180.0000,
1210000205,PS141001SP,0.0000,1,,0.0000,0.0000,
1210000204,151938,271.5000,1,,0.0000,271.5000,524
1210000204,140504,124.0000,2,,0.0000,248.0000,475
1210000203,140504,124.0000,2,,0.0000,248.0000,475
1210000203,151938,271.5000,1,,0.0000,271.5000,524
1210000202,140504,124.0000,2,,0.0000,248.0000,475
1210000202,151938,271.5000,1,,0.0000,271.5000,524
1210000201,140504,124.0000,2,,0.0000,248.0000,475
1210000201,151938,271.5000,1,,0.0000,271.5000,524
1210000200,PS140309,0.0000,1,,0.0000,0.0000,
1210000200,141001EPLF,180.0000,1,,0.0000,180.0000,
1210000199,PS141001SP,0.0000,1,,0.0000,0.0000,
1210000199,PS140309,0.0000,1,,0.0000,0.0000,
1210000199,PS141675,0.0000,1,,0.0000,0.0000,
1210000199,PS2017SF-UMBRELLA,0.0000,1,,0.0000,0.0000,
1210000199,141001FP,180.0000,1,,0.0000,180.0000,
1210000199,141001EPLF,180.0000,1,,0.0000,180.0000,
1210000199,141675-154606-140264-155673-141001,649.0000,1,,0.0000,649.0000,
1210000199,PS156168,0.0000,1,,0.0000,0.0000,
1210000198,141001FP,180.0000,1,,0.0000,180.0000,
1210000198,PS141001SP,0.0000,1,,0.0000,0.0000,
1210000197,141001EPCM,0.0000,1,,0.0000,0.0000,
1210000197,141001EPM,180.0000,3,,0.0000,540.0000,
1210000197,PS121563,0.0000,1,,0.0000,0.0000,
1210000196,152575,273.0000,2,,0.0000,546.0000,522
1210000195,PS140309,0.0000,1,,0.0000,0.0000,
1210000195,141001EPLF,180.0000,1,,0.0000,180.0000,
1210000194,152575,273.0000,1,,0.0000,273.0000,522
1210000193,PS140309,0.0000,1,,0.0000,0.0000,
1210000193,141001EPLF,180.0000,1,,0.0000,180.0000,
1210000192,155959,41.1000,2,,0.0000,82.2000,
1210000192,155247,48.0000,2,,0.0000,96.0000,516
1210000192,155673,110.0000,1,,0.0000,110.0000,477
1210000192,152676,70.0000,2,,0.0000,140.0000,466
1210000192,157082,190.0000,1,,0.0000,190.0000,
1210000192,153263,55.8000,1,,0.0000,55.8000,
1210000192,155340,32.1600,1,,0.0000,32.1600,
1210000192,153261,80.0000,1,,0.0000,80.0000,464
1210000192,140264,40.8000,2,,0.0000,81.6000,492
1210000192,156168,65.0000,1,,0.0000,65.0000,467
1210000192,107946,21.0000,2,,0.0000,42.0000,483
1210000191,PS140309,0.0000,1,,0.0000,0.0000,
1210000191,141001EPLF,180.0000,1,,0.0000,180.0000,
1210000190,PS141001SP,0.0000,1,,0.0000,0.0000,
1210000190,PS141675,0.0000,1,,0.0000,0.0000,
1210000190,PS2017SF-UMBRELLA,0.0000,1,,0.0000,0.0000,
1210000190,PS140309,0.0000,1,,0.0000,0.0000,
1210000190,141001FP,180.0000,1,,0.0000,180.0000,
1210000190,141675-154606-140264-155673-141001,649.0000,1,,0.0000,649.0000,
1210000190,PS156168,0.0000,1,,0.0000,0.0000,
1210000190,141001EPLF,180.0000,1,,0.0000,180.0000,
1210000189,141001EPLF,180.0000,1,,0.0000,180.0000,
1210000189,PS140309,0.0000,1,,0.0000,0.0000,
1210000188,141001FS1,180.0000,1,,0.0000,180.0000,
1210000188,141171,101.5000,1,,0.0000,101.5000,484
1210000187,151920,100.0000,3,,294.6000,300.0000,470
1210000187,151919,72.0000,2,,141.4000,144.0000,470
1210000187,141690,109.0000,1,,107.0400,109.0000,470
1210000187,151958,58.0000,1,,56.9600,58.0000,470
1210000186,141675-154606-140264-155673-141001,649.0000,1,,0.0000,649.0000,
1210000186,PS141675,0.0000,1,,0.0000,0.0000,
1210000186,PS2017SF-UMBRELLA,0.0000,1,,0.0000,0.0000,
1210000186,141001EPLF,180.0000,1,,0.0000,180.0000,
1210000186,PS156168,0.0000,1,,0.0000,0.0000,
1210000186,PS140309,0.0000,1,,0.0000,0.0000,
1210000185,141001EPLF,180.0000,1,,0.0000,180.0000,
1210000185,141001EPM,180.0000,2,,0.0000,360.0000,
1210000185,PS140309,0.0000,1,,0.0000,0.0000,
1210000184,151922,122.0000,1,,122.0000,122.0000,470
1210000184,20170302BG,465.6400,1,,465.6400,465.6400,"470,514,536,494"
1210000183,PS140309,0.0000,1,,0.0000,0.0000,
1210000183,141001EPLF,180.0000,1,,0.0000,180.0000,
1210000183,141001WT1,180.0000,1,,0.0000,180.0000,
1210000182,153576,144.0000,6,,0.0000,864.0000,469
1210000182,153576PS,0.0000,3,,0.0000,0.0000,469
1210000181,141001FP,180.0000,1,,0.0000,180.0000,
1210000181,PS140309,0.0000,1,,0.0000,0.0000,
1210000181,141001EPLF,180.0000,1,,0.0000,180.0000,
1210000181,PS141001SP,0.0000,1,,0.0000,0.0000,
1210000180,PS141001SP,0.0000,1,,0.0000,0.0000,
1210000180,141001FP,180.0000,1,,0.0000,180.0000,
1210000179,141001PS1,180.0000,10,,0.0000,"1,800.0000",
1210000178,141001AD1,180.0000,1,,0.0000,180.0000,
1210000177,141001PS1,180.0000,1,,0.0000,180.0000,
1210000177,PS140309,0.0000,1,,0.0000,0.0000,
1210000177,141001EPLF,180.0000,1,,0.0000,180.0000,
1210000176,157320,300.0000,1,,0.0000,300.0000,476
1210000175,141001FP,180.0000,2,,0.0000,360.0000,
1210000175,PS141001SP,0.0000,2,,0.0000,0.0000,
1210000174,PS141001SP,0.0000,1,,0.0000,0.0000,
1210000174,141001FP,180.0000,1,,0.0000,180.0000,
1210000173,PS140309,0.0000,1,,0.0000,0.0000,
1210000173,141001EPLF,180.0000,1,,0.0000,180.0000,
1210000172,141001EPCM,0.0000,1,,0.0000,0.0000,
1210000172,PS121563,0.0000,1,,0.0000,0.0000,
1210000172,141001FP,180.0000,2,,0.0000,360.0000,
1210000172,PS141001SP,0.0000,2,,0.0000,0.0000,
1210000171,PS140309,0.0000,1,,0.0000,0.0000,
1210000171,141001EPLF,180.0000,1,,0.0000,180.0000,
1210000170,141001EPLF,180.0000,1,,0.0000,180.0000,
1210000170,141001AD1,180.0000,1,,0.0000,180.0000,
1210000170,PS140309,0.0000,1,,0.0000,0.0000,
1210000170,140640,115.5000,1,,0.0000,115.5000,499
1210000169,141001EPM,180.0000,2,,0.0000,360.0000,
1210000168,141001EPLF,180.0000,1,,0.0000,180.0000,
1210000168,PS140309,0.0000,1,,0.0000,0.0000,
1210000167,141001AD1,180.0000,1,,0.0000,180.0000,
1210000166,153576,144.0000,14,,0.0000,"2,016.0000",469
1210000166,153576PS,0.0000,7,,0.0000,0.0000,469
1210000165,153576,144.0000,6,,0.0000,864.0000,469
1210000165,153576PS,0.0000,3,,0.0000,0.0000,469
1210000164,153576,144.0000,4,,0.0000,576.0000,469
1210000164,153576PS,0.0000,2,,0.0000,0.0000,469
1210000163,141114,71.5000,1,,0.0000,71.5000,484
1210000163,153261,80.0000,1,,0.0000,80.0000,464
1210000163,154909,61.0000,1,,0.0000,61.0000,485
1210000163,152228,19.0000,10,,0.0000,190.0000,584
1210000163,141690,109.0000,1,,0.0000,109.0000,470
1210000163,107946,21.0000,3,,0.0000,63.0000,483
1210000163,141171,101.5000,1,,0.0000,101.5000,484
1210000163,155340,38.0000,3,,0.0000,114.0000,
1210000163,PS140309,0.0000,1,,0.0000,0.0000,
1210000163,141001EPLF,180.0000,1,,0.0000,180.0000,
1210000163,156168,65.0000,1,,0.0000,65.0000,467
1210000162,PS2017SF-UMBRELLA,0.0000,1,,0.0000,0.0000,
1210000162,141001FP,180.0000,1,,0.0000,180.0000,
1210000162,141675-154606-140264-155673-141001,649.0000,1,,0.0000,649.0000,
1210000162,PS156168,0.0000,1,,0.0000,0.0000,
1210000162,PS141001SP,0.0000,1,,0.0000,0.0000,
1210000162,PS141675,0.0000,1,,0.0000,0.0000,
1210000161,141001EPLF,180.0000,1,,0.0000,180.0000,
1210000161,141001WT1,180.0000,1,,0.0000,180.0000,
1210000161,PS140309,0.0000,1,,0.0000,0.0000,
1210000161,141001FP,180.0000,1,,0.0000,180.0000,
1210000161,PS141001SP,0.0000,1,,0.0000,0.0000,
1210000161,PS141001SP,0.0000,1,,0.0000,0.0000,
1210000160,141001FP,180.0000,1,,0.0000,180.0000,
1210000160,141001EPLF,180.0000,1,,0.0000,180.0000,
1210000160,PS141001SP,0.0000,1,,0.0000,0.0000,
1210000160,PS140309,0.0000,1,,0.0000,0.0000,
1210000159,157320,300.0000,1,,0.0000,300.0000,476
1210000158,141001FP,180.0000,1,,0.0000,180.0000,
1210000158,PS141001SP,0.0000,1,,0.0000,0.0000,
1210000157,PS141001SP,0.0000,1,,0.0000,0.0000,
1210000157,PS140309,0.0000,1,,0.0000,0.0000,
1210000157,141001FP,180.0000,1,,0.0000,180.0000,
1210000157,141001EPLF,180.0000,1,,0.0000,180.0000,
1210000156,PS141001SP,0.0000,1,,0.0000,0.0000,
1210000156,141001FP,180.0000,1,,0.0000,180.0000,
1210000155,PS2017AHCDRAWSTRING,0.0000,1,,0.0000,0.0000,
1210000155,154915PS-3,397.5000,1,,0.0000,397.5000,
1210000154,153261,80.0000,1,,0.0000,80.0000,464
1210000154,PS140309,0.0000,4,,0.0000,0.0000,
1210000154,141001EPLF,180.0000,4,,0.0000,720.0000,
1210000153,141001FP,180.0000,1,,0.0000,180.0000,
1210000153,PS141001SP,0.0000,1,,0.0000,0.0000,
1210000152,PS140309,0.0000,1,,0.0000,0.0000,
1210000152,141001EPLF,180.0000,1,,0.0000,180.0000,
1210000151,PS140309,0.0000,1,,0.0000,0.0000,
1210000151,141001PS1,180.0000,1,,0.0000,180.0000,
1210000151,141001EPLF,180.0000,1,,0.0000,180.0000,
1210000151,141001EPM,180.0000,1,,0.0000,180.0000,
1210000150,153576PS,0.0000,1,,0.0000,0.0000,469
1210000150,153576,144.0000,2,,0.0000,288.0000,469
1210000149,PS141001SP,0.0000,1,,0.0000,0.0000,
1210000149,141001FP,180.0000,1,,0.0000,180.0000,
1210000147,141001EPM,180.0000,1,,0.0000,180.0000,
1210000147,PS140309,0.0000,1,,0.0000,0.0000,
1210000147,141001EPLF,180.0000,1,,0.0000,180.0000,
1210000146,141001EPLF,180.0000,2,,0.0000,360.0000,
1210000146,PS140309,0.0000,2,,0.0000,0.0000,
1210000145,141001FP,180.0000,1,,0.0000,180.0000,
1210000145,PS141001SP,0.0000,1,,0.0000,0.0000,
1210000144,141001EPLF,180.0000,1,,0.0000,180.0000,
1210000144,PS140309,0.0000,1,,0.0000,0.0000,
1210000143,PS140309,0.0000,1,,0.0000,0.0000,
1210000143,141001EPLF,180.0000,1,,0.0000,180.0000,
1210000142,141001EPM,180.0000,2,,0.0000,360.0000,
1210000142,PS121563,0.0000,1,,0.0000,0.0000,
1210000142,141001EPCM,180.0000,1,,0.0000,180.0000,
1210000141,141001EPLF,180.0000,2,,0.0000,360.0000,
1210000141,PS140309,0.0000,2,,0.0000,0.0000,
1210000140,141675-154606-140264-155673-141001,649.0000,1,,0.0000,649.0000,
1210000140,PS156168,0.0000,1,,0.0000,0.0000,
1210000140,PS141675,0.0000,1,,0.0000,0.0000,
1210000140,PS2017SF-UMBRELLA,0.0000,1,,0.0000,0.0000,
1210000139,141001FP,180.0000,5,,0.0000,900.0000,
1210000139,PS141001SP,0.0000,5,,0.0000,0.0000,
1210000138,157320PS,0.0000,1,0.0000,0.0000,0.0000,
1210000138,157320,300.0000,8,0.0000,0.0000,"2,400.0000",476
1210000137,141001FP,180.0000,1,,0.0000,180.0000,
1210000137,PS141001SP,0.0000,1,,0.0000,0.0000,
1210000136,PS141001SP,0.0000,1,,0.0000,0.0000,
1210000136,PS140309,0.0000,1,,0.0000,0.0000,
1210000136,141001FP,180.0000,1,,0.0000,180.0000,
1210000136,141001EPLF,180.0000,1,,0.0000,180.0000,
1210000135,PS141001SP,0.0000,1,,0.0000,0.0000,
1210000135,141001WT1,180.0000,1,,0.0000,180.0000,
1210000135,141001PS1,180.0000,1,,0.0000,180.0000,
1210000134,141001EPM,180.0000,2,,0.0000,360.0000,
1210000133,141001AD1,180.0000,1,,0.0000,180.0000,
1210000133,PS121563,0.0000,1,,0.0000,0.0000,
1210000133,141001EPCM,180.0000,1,,0.0000,180.0000,
1210000132,141001EPCM,180.0000,1,,0.0000,180.0000,
1210000132,PS121563,0.0000,1,,0.0000,0.0000,
1210000131,141001EPCM,180.0000,3,,0.0000,540.0000,
1210000131,PS121563,0.0000,3,,0.0000,0.0000,
1210000130,PS121565,0.0000,1,,0.0000,0.0000,
1210000130,140310,446.0000,1,,0.0000,446.0000,479
1210000129,141001EPLF,180.0000,1,,0.0000,180.0000,
1210000129,PS140309,0.0000,1,,0.0000,0.0000,
1210000129,141001FP,180.0000,1,,0.0000,180.0000,
1210000129,PS141001SP,0.0000,1,,0.0000,0.0000,
1210000128,157320,300.0000,1,,0.0000,300.0000,476
1210000127,PS140309,0.0000,1,,0.0000,0.0000,
1210000127,141001EPLF,180.0000,1,,0.0000,180.0000,
1210000126,PS141001SP,0.0000,1,,0.0000,0.0000,
1210000126,PS121563,0.0000,1,,0.0000,0.0000,
1210000126,141001FP,180.0000,1,,0.0000,180.0000,
1210000126,141001EPCM,180.0000,1,,0.0000,180.0000,
1210000125,PS141001SP,0.0000,2,,0.0000,0.0000,
1210000125,141001EPM,180.0000,1,,0.0000,180.0000,
1210000125,141001FP,180.0000,2,,0.0000,360.0000,
1210000125,141001EPLF,180.0000,1,,0.0000,180.0000,
1210000125,PS140309,0.0000,1,,0.0000,0.0000,
1210000125,PS121563,0.0000,2,,0.0000,0.0000,
1210000124,153576,144.0000,10,,0.0000,"1,440.0000",469
1210000124,153576PS,0.0000,5,,0.0000,0.0000,469
1210000123,141001EPLF,180.0000,2,,0.0000,360.0000,
1210000123,PS140309,0.0000,1,,0.0000,0.0000,
1210000122,141001FP,180.0000,2,,0.0000,360.0000,
1210000122,PS141001SP,0.0000,2,,0.0000,0.0000,
1210000121,141001FP,180.0000,1,,0.0000,180.0000,
1210000121,PS141001SP,0.0000,1,,0.0000,0.0000,
1210000120,141001EPLF,180.0000,2,,0.0000,360.0000,
1210000120,141001EPCM,180.0000,1,,0.0000,180.0000,
1210000120,PS140309,0.0000,2,,0.0000,0.0000,
1210000120,PS121563,0.0000,1,,0.0000,0.0000,
1210000119,141001EPLF,180.0000,1,,0.0000,180.0000,
1210000119,PS140309,0.0000,1,,0.0000,0.0000,
1210000118,141001EPLF,180.0000,1,,0.0000,180.0000,
1210000118,141001EPCM,180.0000,1,,0.0000,180.0000,
1210000118,141001EPM,180.0000,1,,0.0000,180.0000,
1210000118,PS140309,0.0000,1,,0.0000,0.0000,
1210000118,PS121563,0.0000,1,,0.0000,0.0000,
1210000117,141001FP,180.0000,1,,0.0000,180.0000,
1210000117,121565,446.0000,1,,0.0000,446.0000,
1210000117,PS121565,0.0000,1,,0.0000,0.0000,
1210000117,141001EPLF,180.0000,3,,0.0000,540.0000,
1210000117,153261,80.0000,1,,0.0000,80.0000,464
1210000117,PS141001SP,0.0000,1,,0.0000,0.0000,
1210000117,PS140309,0.0000,3,,0.0000,0.0000,
1210000116,141001AD1,180.0000,1,,0.0000,180.0000,
1210000115,141001EPCM,180.0000,1,,0.0000,180.0000,
1210000115,152575,273.0000,1,,0.0000,273.0000,522
1210000115,PS121563,0.0000,1,,0.0000,0.0000,
1210000115,121573,259.0000,1,,0.0000,259.0000,
1210000115,PS140309,0.0000,1,,0.0000,0.0000,
1210000114,141001EPLF,180.0000,1,,0.0000,180.0000,
1210000114,PS140309,0.0000,1,,0.0000,0.0000,
1210000113,141001EPLF,180.0000,1,,0.0000,180.0000,
1210000113,PS140309,0.0000,1,,0.0000,0.0000,
1210000112,141001EPLF,180.0000,1,,0.0000,180.0000,
1210000112,PS140309,0.0000,1,,0.0000,0.0000,
1210000111,141001EPCM,180.0000,1,,0.0000,180.0000,
1210000111,PS121563,0.0000,1,,0.0000,0.0000,
1210000110,141001FP,180.0000,1,,0.0000,180.0000,
1210000110,141001EPLF,180.0000,1,,0.0000,180.0000,
1210000110,PS141001SP,0.0000,1,,0.0000,0.0000,
1210000110,PS140309,0.0000,1,,0.0000,0.0000,
1210000109,PS140309,0.0000,1,,0.0000,0.0000,
1210000109,141001EPLF,180.0000,1,,0.0000,180.0000,
1210000108,PS141001SP,0.0000,1,,0.0000,0.0000,
1210000108,141001FP,180.0000,1,,0.0000,180.0000,
1210000107,PS141001SP,0.0000,1,,0.0000,0.0000,
1210000107,141001FP,180.0000,1,,0.0000,180.0000,
1210000106,PS141001SP,0.0000,1,,0.0000,0.0000,
1210000106,PS140309,0.0000,1,,0.0000,0.0000,
1210000106,141001FP,180.0000,1,,0.0000,180.0000,
1210000106,141001EPLF,180.0000,1,,0.0000,180.0000,
1210000105,PS141001SP,0.0000,1,,0.0000,0.0000,
1210000105,141001FP,180.0000,1,,0.0000,180.0000,
1210000104,PS156168,0.0000,1,,0.0000,0.0000,
1210000104,PS140309,0.0000,2,,0.0000,0.0000,
1210000104,141001EPLF,180.0000,2,,0.0000,360.0000,
1210000104,PS141675,0.0000,1,,0.0000,0.0000,
1210000104,PS2017SF-UMBRELLA,0.0000,1,,0.0000,0.0000,
1210000104,141675-154606-140264-155673-141001,649.0000,1,,0.0000,649.0000,
1210000103,152734,136.5000,2,,0.0000,273.0000,593
1210000102,141001EPLF,180.0000,1,,0.0000,180.0000,
1210000102,PS140309,0.0000,1,,0.0000,0.0000,
1210000101,PS141675,0.0000,2,,0.0000,0.0000,
1210000101,PS2017SF-UMBRELLA,0.0000,2,,0.0000,0.0000,
1210000101,141001FP,180.0000,1,,0.0000,180.0000,
1210000101,141675-154606-140264-155673-141001,649.0000,2,,0.0000,"1,298.0000",
1210000101,PS121563,0.0000,1,,0.0000,0.0000,
1210000101,PS156168,0.0000,2,,0.0000,0.0000,
1210000101,141001AD1,180.0000,1,,0.0000,180.0000,
1210000101,121563,259.0000,1,,0.0000,259.0000,
1210000101,PS141001SP,0.0000,1,,0.0000,0.0000,
1210000100,153576,144.0000,1,,0.0000,144.0000,469
1210000099,121563,259.0000,1,,0.0000,259.0000,
1210000099,141001WT1,180.0000,1,,0.0000,180.0000,
1210000099,PS121563,0.0000,1,,0.0000,0.0000,
1210000098,153576,144.0000,2,,0.0000,288.0000,469
1210000097,141001EPLF,180.0000,1,,0.0000,180.0000,
1210000097,PS140309,0.0000,1,,0.0000,0.0000,
1210000097,141001FP,180.0000,1,,0.0000,180.0000,
1210000097,PS141001SP,0.0000,1,,0.0000,0.0000,
1210000096,PS121563,0.0000,1,,0.0000,0.0000,
1210000096,141001EPCM,180.0000,1,,0.0000,180.0000,
1210000096,PS140309,0.0000,1,,0.0000,0.0000,
1210000096,141001EPLF,180.0000,1,,0.0000,180.0000,
1210000095,141001AD1,180.0000,1,,0.0000,180.0000,
1210000094,PS121563,0.0000,1,,0.0000,0.0000,
1210000094,141001EPCM,180.0000,1,,0.0000,180.0000,
1210000093,141001EPM,180.0000,1,,0.0000,180.0000,
1210000093,PS121563,0.0000,2,,0.0000,0.0000,
1210000093,141001EPCM,180.0000,2,,0.0000,360.0000,
1210000092,141001PS1,180.0000,1,,0.0000,180.0000,
1210000091,PS140309,0.0000,1,,0.0000,0.0000,
1210000091,141001EPLF,180.0000,1,,0.0000,180.0000,
1210000090,140309,259.0000,1,,0.0000,259.0000,479
1210000090,154525,120.0000,1,,0.0000,120.0000,577
1210000090,PS140309,0.0000,1,,0.0000,0.0000,
1210000089,PS121563,0.0000,1,,0.0000,0.0000,
1210000089,141001EPCM,180.0000,1,,0.0000,180.0000,
1210000088,PS140309,0.0000,1,,0.0000,0.0000,
1210000088,141001EPLF,180.0000,1,,0.0000,180.0000,
1210000087,157208,600.0000,1,,0.0000,600.0000,476
1210000086,PS121563,0.0000,2,,0.0000,0.0000,
1210000086,141001EPCM,180.0000,2,,0.0000,360.0000,
1210000085,PS121563,0.0000,1,,0.0000,0.0000,
1210000085,141001EPCM,180.0000,1,,0.0000,180.0000,
1210000084,PS140309,0.0000,1,,0.0000,0.0000,
1210000084,PS121563,0.0000,1,,0.0000,0.0000,
1210000084,141001EPLF,180.0000,1,,0.0000,180.0000,
1210000084,141001EPCM,180.0000,1,,0.0000,180.0000,
1210000083,PS121563,0.0000,1,,0.0000,0.0000,
1210000083,PS140309,0.0000,1,,0.0000,0.0000,
1210000083,141001EPCM,180.0000,1,,0.0000,180.0000,
1210000083,141001EPLF,180.0000,1,,0.0000,180.0000,
1210000082,PS140309,0.0000,1,,0.0000,0.0000,
1210000082,141001EPLF,180.0000,1,,0.0000,180.0000,
1210000081,141001EPCM,180.0000,2,,0.0000,360.0000,
1210000081,PS121563,0.0000,2,,0.0000,0.0000,
1210000080,141001EPCM,180.0000,1,,0.0000,180.0000,
1210000080,PS121563,0.0000,1,,0.0000,0.0000,
1210000079,141001EPCM,180.0000,1,,0.0000,180.0000,
1210000079,PS121563,0.0000,1,,0.0000,0.0000,
1210000078,141001EPCM,180.0000,1,,0.0000,180.0000,
1210000078,PS121563,0.0000,1,,0.0000,0.0000,
1210000077,141001EPLF,180.0000,1,,0.0000,180.0000,
1210000077,PS140309,0.0000,1,,0.0000,0.0000,
1210000076,141001EPCM,180.0000,1,,0.0000,180.0000,
1210000076,PS121563,0.0000,1,,0.0000,0.0000,
1210000075,PS140309,0.0000,1,,0.0000,0.0000,
1210000075,141001EPLF,180.0000,1,,0.0000,180.0000,
1210000074,PS140309,0.0000,1,,0.0000,0.0000,
1210000074,141001EPLF,180.0000,1,,0.0000,180.0000,
1210000073,141001AD1,180.0000,1,,0.0000,180.0000,
1210000072,141001PS1,180.0000,2,,0.0000,360.0000,
1210000071,141001EPCM,180.0000,1,,0.0000,180.0000,
1210000071,PS121563,0.0000,1,,0.0000,0.0000,
1210000070,141001EPCM,180.0000,2,,0.0000,360.0000,
1210000070,PS121563,0.0000,2,,0.0000,0.0000,
1210000069,141001EPCM,180.0000,1,,0.0000,180.0000,
1210000069,140309,259.0000,1,,0.0000,259.0000,479
1210000069,PS121563,0.0000,1,,0.0000,0.0000,
1210000069,PS140309,0.0000,1,,0.0000,0.0000,
1210000068,141001EPCM,180.0000,1,,0.0000,180.0000,
1210000068,PS121563,0.0000,1,,0.0000,0.0000,
1210000067,141001EPM,180.0000,1,,0.0000,180.0000,
1210000066,PS121563,0.0000,1,,0.0000,0.0000,
1210000066,141001EPLF,180.0000,1,,0.0000,180.0000,
1210000066,PS140309,0.0000,1,,0.0000,0.0000,
1210000066,141001EPCM,180.0000,1,,0.0000,180.0000,
1210000065,141001EPCM,180.0000,3,,0.0000,540.0000,
1210000065,PS121563,0.0000,3,,0.0000,0.0000,
1210000064,141001EPCM,180.0000,1,,0.0000,180.0000,
1210000064,PS121563,0.0000,1,,0.0000,0.0000,
1210000063,141001EPCM,180.0000,1,,0.0000,180.0000,
1210000063,PS121563,0.0000,1,,0.0000,0.0000,
1210000062,141001EPCM,180.0000,1,,0.0000,180.0000,
1210000062,PS121563,0.0000,1,,0.0000,0.0000,
1210000061,141001EPCM,180.0000,1,,0.0000,180.0000,
1210000061,PS121563,0.0000,1,,0.0000,0.0000,
1210000060,141001EPCM,180.0000,1,,0.0000,180.0000,
1210000060,PS121563,0.0000,1,,0.0000,0.0000,
1210000059,PS121563,0.0000,1,,0.0000,0.0000,
1210000059,141001EPCM,180.0000,1,,0.0000,180.0000,
1210000058,PS121563,0.0000,1,,0.0000,0.0000,
1210000058,141001EPCM,180.0000,1,,0.0000,180.0000,
1210000057,PS140309,0.0000,1,,0.0000,0.0000,
1210000057,141001EPLF,180.0000,1,,0.0000,180.0000,
1210000056,PS121563,0.0000,1,,0.0000,0.0000,
1210000056,PS140309,0.0000,1,,0.0000,0.0000,
1210000056,141001EPCM,180.0000,1,,0.0000,180.0000,
1210000056,141001EPLF,180.0000,1,,0.0000,180.0000,
1210000055,PS121563,0.0000,1,,0.0000,0.0000,
1210000055,141001EPCM,180.0000,1,,0.0000,180.0000,
1210000054,PS140309,0.0000,2,,0.0000,0.0000,
1210000054,141001EPLF,180.0000,2,,0.0000,360.0000,
1210000053,PS121563,0.0000,1,,0.0000,0.0000,
1210000053,141001EPCM,180.0000,1,,0.0000,180.0000,
1210000053,141001EPM,180.0000,2,,0.0000,360.0000,
1210000052,156727,795.0000,1,,0.0000,795.0000,
1210000051,153576,144.0000,10,,0.0000,"1,440.0000",469
1210000050,141675-154606-140264-155673-141001,649.0000,1,,0.0000,649.0000,
1210000050,PS156168,0.0000,1,,0.0000,0.0000,
1210000050,141001EPLF,180.0000,1,,0.0000,180.0000,
1210000050,PS141675,0.0000,1,,0.0000,0.0000,
1210000050,PS2017SF-UMBRELLA,0.0000,1,,0.0000,0.0000,
1210000050,PS140309,0.0000,1,,0.0000,0.0000,
1210000049,141001EPLF,180.0000,1,,0.0000,180.0000,
1210000049,PS140309,0.0000,1,,0.0000,0.0000,
1210000048,141001EPLF,180.0000,1,,0.0000,180.0000,
1210000048,PS140309,0.0000,1,,0.0000,0.0000,
1210000047,141001EPCM,180.0000,1,,0.0000,180.0000,
1210000047,PS121563,0.0000,1,,0.0000,0.0000,
1210000046,141001EPM,180.0000,1,,0.0000,180.0000,
1210000046,PS140309,0.0000,1,,0.0000,0.0000,
1210000046,141001EPLF,180.0000,1,,0.0000,180.0000,
1210000045,141001PS1,180.0000,5,,0.0000,900.0000,
1210000044,141001EPLF,180.0000,1,,0.0000,180.0000,
1210000044,PS140309,0.0000,1,,0.0000,0.0000,
1210000044,141001EPCM,180.0000,1,,0.0000,180.0000,
1210000044,PS121563,0.0000,1,,0.0000,0.0000,
1210000043,141001EPCM,180.0000,1,,0.0000,180.0000,
1210000043,PS121563,0.0000,1,,0.0000,0.0000,
1210000041,141001EPCM,180.0000,1,,0.0000,180.0000,
1210000041,PS121563,0.0000,1,,0.0000,0.0000,
1210000040,141001EPCM,180.0000,1,,0.0000,180.0000,
1210000040,PS121563,0.0000,1,,0.0000,0.0000,
1210000039,141001EPCM,180.0000,1,,0.0000,180.0000,
1210000039,PS121563,0.0000,1,,0.0000,0.0000,
1210000038,141001AD1,180.0000,1,,0.0000,180.0000,
1210000037,PS121563,0.0000,1,,0.0000,0.0000,
1210000037,141001EPCM,180.0000,1,,0.0000,180.0000,
1210000036,PS121563,0.0000,1,,0.0000,0.0000,
1210000036,PS140309,0.0000,1,,0.0000,0.0000,
1210000036,141001EPCM,180.0000,1,,0.0000,180.0000,
1210000036,141001EPLF,180.0000,1,,0.0000,180.0000,
1210000036,141001EPM,180.0000,1,,0.0000,180.0000,
1210000035,PS140309,0.0000,1,,0.0000,0.0000,
1210000035,141001EPLF,180.0000,1,,0.0000,180.0000,
1210000034,PS121563,0.0000,1,,0.0000,0.0000,
1210000034,141001EPCM,180.0000,1,,0.0000,180.0000,
1210000033,PS140309,0.0000,1,,0.0000,0.0000,
1210000033,141001EPLF,180.0000,1,,0.0000,180.0000,
1210000032,PS140309,0.0000,1,,0.0000,0.0000,
1210000032,141001EPLF,180.0000,1,,0.0000,180.0000,
1210000031,PS121563,0.0000,1,,0.0000,0.0000,
1210000031,141001EPCM,180.0000,1,,0.0000,180.0000,
1210000030,141001EPCM,180.0000,1,,0.0000,180.0000,
1210000030,PS121563,0.0000,1,,0.0000,0.0000,
1210000029,141001EPCM,180.0000,1,,0.0000,180.0000,
1210000029,PS121563,0.0000,1,,0.0000,0.0000,
1210000028,141001EPLF,180.0000,2,,0.0000,360.0000,
1210000028,PS140309,0.0000,2,,0.0000,0.0000,
1210000027,153576PS,0.0000,2,,0.0000,0.0000,469
1210000027,153576,144.0000,4,,0.0000,576.0000,469
1210000026,141001EPLF,180.0000,2,,0.0000,360.0000,
1210000026,PS121563,0.0000,2,,0.0000,0.0000,
1210000026,141001EPCM,180.0000,2,,0.0000,360.0000,
1210000026,PS140309,0.0000,2,,0.0000,0.0000,
1210000025,141001EPLF,180.0000,1,,0.0000,180.0000,
1210000025,PS140309,0.0000,1,,0.0000,0.0000,
1210000024,141001PS1,180.0000,2,,0.0000,360.0000,
1210000023,PS140309,0.0000,1,,0.0000,0.0000,
1210000023,141001EPLF,180.0000,1,,0.0000,180.0000,
1210000022,141001EPCM,180.0000,1,,0.0000,180.0000,
1210000022,PS121563,0.0000,1,,0.0000,0.0000,
1210000022,141001PS1,180.0000,1,,0.0000,180.0000,
1210000021,141001EPLF,180.0000,1,,0.0000,180.0000,
1210000021,PS140309,0.0000,1,,0.0000,0.0000,
1210000020,141001EPLF,180.0000,1,,0.0000,180.0000,
1210000020,PS140309,0.0000,1,,0.0000,0.0000,
1210000019,141001EPCM,180.0000,1,,0.0000,180.0000,
1210000019,PS121563,0.0000,1,,0.0000,0.0000,
1210000018,PS140309,0.0000,2,,0.0000,0.0000,
1210000018,141001EPLF,180.0000,2,,0.0000,360.0000,
1210000017,PS121563,0.0000,1,,0.0000,0.0000,
1210000017,141001EPCM,180.0000,1,,0.0000,180.0000,
1210000016,PS121563,0.0000,1,,0.0000,0.0000,
1210000016,PS140309,0.0000,1,,0.0000,0.0000,
1210000016,141001EPCM,180.0000,1,,0.0000,180.0000,
1210000016,141001EPLF,180.0000,1,,0.0000,180.0000,
1210000015,141001AD1,180.0000,1,,0.0000,180.0000,
1210000015,PS141001SP,0.0000,1,,0.0000,0.0000,
1210000015,141001FP,180.0000,1,,0.0000,180.0000,
1210000014,141001EPCM,180.0000,1,,0.0000,180.0000,
1210000014,PS121563,0.0000,1,,0.0000,0.0000,
1210000013,141001EPCM,180.0000,1,,0.0000,180.0000,
1210000013,PS121563,0.0000,1,,0.0000,0.0000,
1210000012,141675-154606-140264-155673-141001,649.0000,1,,0.0000,649.0000,
1210000012,PS156168,0.0000,1,,0.0000,0.0000,
1210000012,PS141675,0.0000,1,,0.0000,0.0000,
1210000012,PS2017SF-UMBRELLA,0.0000,1,,0.0000,0.0000,
1210000011,141001EPM,180.0000,1,,0.0000,180.0000,
1210000010,152575,273.0000,1,,0.0000,273.0000,522
1210000009,141001EPM,180.0000,1,,0.0000,180.0000,
1210000008,PS140309,0.0000,1,,0.0000,0.0000,
1210000008,PS121563,0.0000,1,,0.0000,0.0000,
1210000008,141001EPLF,180.0000,1,,0.0000,180.0000,
1210000008,141001EPCM,180.0000,1,,0.0000,180.0000,
1210000008,141001WT1,180.0000,1,,0.0000,180.0000,
1210000007,156168,65.0000,2,,0.0000,130.0000,467
1210000007,141001,180.0000,2,,0.0000,360.0000,478
1210000006,141001FP,180.0000,1,,0.0000,180.0000,
1210000006,PS121563,0.0000,1,,0.0000,0.0000,
1210000006,141001EPCM,180.0000,1,,0.0000,180.0000,
1210000006,PS141001SP,0.0000,1,,0.0000,0.0000,
1210000005,141001WT1,180.0000,2,,0.0000,360.0000,
1210000004,PS140309,0.0000,1,,0.0000,0.0000,
1210000004,141001EPLF,180.0000,1,,0.0000,180.0000,
1210000003,141001EPCM,180.0000,1,,0.0000,180.0000,
1210000003,PS121563,0.0000,1,,0.0000,0.0000,
1210000003,141001EPLF,180.0000,2,,0.0000,360.0000,
1210000003,PS140309,0.0000,2,,0.0000,0.0000,
1200000002,PS141675,0.0000,1,,0.0000,0.0000,
1200000002,PS2017SF-UMBRELLA,0.0000,1,,0.0000,0.0000,
1200000002,141675-154606-140264-155673-141001,649.0000,1,,0.0000,649.0000,
1200000002,PS156168,0.0000,1,,0.0000,0.0000,
1200000001,141001EPCM,180.0000,1,,0.0000,180.0000,
1200000001,PS121563,0.0000,1,,0.0000,0.0000,
WP001066,152575,273.0000,3,,0.0000,819.0000,522
WP001065,141001EPCM,180.0000,1,,0.0000,180.0000,
WP001065,PS121563,0.0000,1,,0.0000,0.0000,
WP001064,141001WT1,180.0000,1,,0.0000,180.0000,
WP001064,141001AD1,180.0000,1,,0.0000,180.0000,
WP001063,141001EPCM,180.0000,1,,0.0000,180.0000,
WP001063,153261,80.0000,1,,0.0000,80.0000,464
WP001063,PS121563,0.0000,1,,0.0000,0.0000,
WP001062,157320,300.0000,1,,0.0000,300.0000,476
WP001061,141001AD1,180.0000,1,,0.0000,180.0000,
WP001060,157320,300.0000,1,,0.0000,300.0000,476
WP001059,152574,130.0000,2,,0.0000,260.0000,522
WP001058,152576,130.0000,48,,0.0000,"6,240.0000",522
WP001058,152575,273.0000,24,,0.0000,"6,552.0000",522
WP001058,152574,130.0000,48,,0.0000,"6,240.0000",522
WP001057,153576,144.0000,1,,0.0000,144.0000,469
WP001056,141001FS,540.0000,1,,0.0000,540.0000,
WP001054,157320,300.0000,1,,0.0000,300.0000,476
WP001053,153576,144.0000,3,,0.0000,432.0000,469
WP001052,153576,144.0000,3,,0.0000,432.0000,469
WP001051,157320,300.0000,1,,0.0000,300.0000,476
WP001050,PS156168,0.0000,1,,0.0000,0.0000,
WP001050,141001AD1,180.0000,1,,0.0000,180.0000,
WP001050,PS141675,0.0000,1,,0.0000,0.0000,
WP001050,PS2017SF-UMBRELLA,0.0000,1,,0.0000,0.0000,
WP001050,141675-154606-140264-155673-141001,649.0000,1,,0.0000,649.0000,
WP001049,153576,144.0000,6,,0.0000,864.0000,469
WP001048,141001WT1,180.0000,1,,0.0000,180.0000,
WP001048,PS141675,0.0000,1,,0.0000,0.0000,
WP001048,PS2017SF-UMBRELLA,0.0000,1,,0.0000,0.0000,
WP001048,141675-154606-140264-155673-141001,649.0000,1,,0.0000,649.0000,
WP001048,PS156168,0.0000,1,,0.0000,0.0000,
WP001047,140309,259.0000,1,,0.0000,259.0000,479
WP001047,PS140309,0.0000,1,,0.0000,0.0000,
WP001046,PS140309,0.0000,1,,0.0000,0.0000,
WP001046,140309,259.0000,1,,0.0000,259.0000,479
WP001045,141001AD1,180.0000,1,,0.0000,180.0000,
WP001044,141001AD1,180.0000,1,,0.0000,180.0000,
WP001043,141001WT1,180.0000,1,,0.0000,180.0000,
WP001042,153576,144.0000,5,,0.0000,720.0000,469
WP001041,141001AD1,180.0000,1,,0.0000,180.0000,
WP001040,141001WT1,180.0000,1,,0.0000,180.0000,
WP001040,141001AD1,180.0000,1,,0.0000,180.0000,
WP001039,PS140309,0.0000,1,,0.0000,0.0000,
WP001039,140309,259.0000,1,,0.0000,259.0000,479
WP001038,157320,300.0000,1,,0.0000,300.0000,476
WP001037,141001AD1,180.0000,1,,0.0000,180.0000,
WP001036,141001AD1,180.0000,8,,0.0000,"1,440.0000",
WP001035,141001AD1,180.0000,1,,0.0000,180.0000,
WP001034,157320,300.0000,1,,0.0000,300.0000,476
WP001033,154606,60.0000,2,,0.0000,120.0000,467
WP001033,141001AD1,180.0000,1,,0.0000,180.0000,
WP001032,141001AD1,180.0000,2,,0.0000,360.0000,
WP001031,154915PS-3,397.5000,1,,0.0000,397.5000,
WP001031,141001AD1,180.0000,1,,0.0000,180.0000,
WP001031,PS2017AHCDRAWSTRING,0.0000,1,,0.0000,0.0000,
WP001030,141001AD1,180.0000,1,,0.0000,180.0000,
WP001030,PS2017AHCDRAWSTRING,0.0000,1,,0.0000,0.0000,
WP001030,154915PS-3,397.5000,1,,0.0000,397.5000,
WP001029,153576PS,0.0000,1,,0.0000,0.0000,469
WP001029,153576,144.0000,2,,0.0000,288.0000,469
WP001028,141001FS1,180.0000,1,,0.0000,180.0000,
WP001028,141001AD1,180.0000,1,,0.0000,180.0000,
WP001027,141001AD1,180.0000,1,,0.0000,180.0000,
WP001026,141001AD1,180.0000,1,,0.0000,180.0000,
WP001025,157320,300.0000,1,,0.0000,300.0000,476
WP001024,141001AD1,180.0000,2,,0.0000,360.0000,
WP001024,PS141675,0.0000,1,,0.0000,0.0000,
WP001024,PS2017SF-UMBRELLA,0.0000,1,,0.0000,0.0000,
WP001024,141675-154606-140264-155673-141001,649.0000,1,,0.0000,649.0000,
WP001024,PS156168,0.0000,1,,0.0000,0.0000,
WP001023,PS141675,0.0000,1,,0.0000,0.0000,
WP001023,PS2017SF-UMBRELLA,0.0000,1,,0.0000,0.0000,
WP001023,140309,259.0000,1,,0.0000,259.0000,479
WP001023,141675-154606-140264-155673-141001,649.0000,1,,0.0000,649.0000,
WP001023,PS156168,0.0000,1,,0.0000,0.0000,
WP001023,141001AD1,180.0000,1,,0.0000,180.0000,
WP001023,PS140309,0.0000,1,,0.0000,0.0000,
WP001022,157320,300.0000,1,,0.0000,300.0000,476
WP001021,157320,300.0000,1,,0.0000,300.0000,476
WP001020,141001AD1,180.0000,2,,0.0000,360.0000,
WP001020,PS121565,0.0000,2,,0.0000,0.0000,
WP001020,121565,446.0000,2,,0.0000,892.0000,
WP001019,153576,144.0000,3,,0.0000,432.0000,469
WP001018,157320,300.0000,1,,0.0000,300.0000,476
WP001017,153576,144.0000,8,,0.0000,"1,152.0000",469
WP001016,153576,144.0000,2,,0.0000,288.0000,469
WP001015,141001AD1,180.0000,1,,0.0000,180.0000,
WP001014,141001AD1,180.0000,3,,0.0000,540.0000,
WP001013,153576,144.0000,1,,0.0000,144.0000,469
WP001012,PS141675,0.0000,1,,0.0000,0.0000,
WP001012,PS2017SF-UMBRELLA,0.0000,1,,0.0000,0.0000,
WP001012,141675-154606-140264-155673-141001,649.0000,1,,0.0000,649.0000,
WP001012,PS156168,0.0000,1,,0.0000,0.0000,
WP001011,153576,144.0000,9,,0.0000,"1,296.0000",469
WP001010,156397,29.0000,20,,0.0000,580.0000,593
WP001009,141001AD1,180.0000,1,,0.0000,180.0000,
WP001008,153576PS,0.0000,5,,0.0000,0.0000,469
WP001008,153576,144.0000,10,,0.0000,"1,440.0000",469
WP001007,157208,600.0000,1,,0.0000,600.0000,476
WP001006,141001AD1,180.0000,1,,0.0000,180.0000,
WP001005,121565,446.0000,2,,0.0000,892.0000,
WP001005,PS121565,0.0000,2,,0.0000,0.0000,
WP001004,141001AD1,180.0000,2,,0.0000,360.0000,
WP001003,141001AD1,180.0000,2,,0.0000,360.0000,
WP001003,141001WT1,180.0000,3,,0.0000,540.0000,
WP001002,141001AD1,180.0000,1,,0.0000,180.0000,
WP001001,153576,144.0000,14,,0.0000,"2,016.0000",469
WP001001,153576PS,0.0000,7,,0.0000,0.0000,469
WP001000,141001WT1,180.0000,1,,0.0000,180.0000,
WP001000,141001AD1,180.0000,1,,0.0000,180.0000,
WP000999,141001AD1,180.0000,1,,0.0000,180.0000,
WP000998,141001AD1,180.0000,1,,0.0000,180.0000,
WP000997,141001AD1,180.0000,2,,0.0000,360.0000,
WP000996,141001AD1,180.0000,1,,0.0000,180.0000,
WP000996,152659,100.5000,1,,0.0000,100.5000,489
WP000995,141001AD1,180.0000,1,,0.0000,180.0000,
WP000995,141001FP,180.0000,1,,0.0000,180.0000,
WP000995,141001WT1,180.0000,1,,0.0000,180.0000,
WP000995,PS141001SP,0.0000,1,,0.0000,0.0000,
WP000994,141001AD1,180.0000,1,,0.0000,180.0000,
WP000993,PS121565,0.0000,1,,0.0000,0.0000,
WP000993,121575,446.0000,1,,0.0000,446.0000,
WP000992,141001AD1,180.0000,1,,0.0000,180.0000,
WP000991,121565,446.0000,1,,0.0000,446.0000,
WP000991,PS121565,0.0000,1,,0.0000,0.0000,
WP000990,141001AD1,180.0000,1,,0.0000,180.0000,
WP000989,141001AD1,180.0000,1,,0.0000,180.0000,
WP000988,PS141675,0.0000,1,,0.0000,0.0000,
WP000988,PS2017SF-UMBRELLA,0.0000,1,,0.0000,0.0000,
WP000988,141675-154606-140264-155673-141001,649.0000,1,,0.0000,649.0000,
WP000988,PS156168,0.0000,1,,0.0000,0.0000,
WP000987,141001AD1,180.0000,1,,0.0000,180.0000,
WP000986,157320,300.0000,1,,0.0000,300.0000,476
WP000985,141001WT1,180.0000,1,,0.0000,180.0000,
WP000984,140310,446.0000,1,,0.0000,446.0000,479
WP000984,152575,273.0000,1,,0.0000,273.0000,522
WP000984,141001WT1,180.0000,1,,0.0000,180.0000,
WP000984,PS121565,0.0000,1,,0.0000,0.0000,
WP000984,141001AD1,180.0000,1,,0.0000,180.0000,
WP000983,141001AD1,180.0000,1,,0.0000,180.0000,
WP000982,141001WT1,180.0000,1,,0.0000,180.0000,
WP000981,141001WT1,180.0000,1,,0.0000,180.0000,
WP000981,141001AD1,180.0000,1,,0.0000,180.0000,
WP000980,141001FS,540.0000,1,,0.0000,540.0000,
WP000979,141001WT1,180.0000,1,,0.0000,180.0000,
WP000979,141001AD1,180.0000,1,,0.0000,180.0000,
WP000978,141675-154606-140264-155673-141001,649.0000,1,,0.0000,649.0000,
WP000978,PS156168,0.0000,1,,0.0000,0.0000,
WP000978,PS141675,0.0000,1,,0.0000,0.0000,
WP000978,PS2017SF-UMBRELLA,0.0000,1,,0.0000,0.0000,
WP000977,141001AD1,180.0000,1,,0.0000,180.0000,
WP000977,141001WT1,180.0000,1,,0.0000,180.0000,
WP000976,141001AD1,180.0000,2,,0.0000,360.0000,
WP000975,141001AD1,180.0000,1,,0.0000,180.0000,
WP000974,141001AD1,180.0000,1,,0.0000,180.0000,
WP000973,140309,259.0000,1,,0.0000,259.0000,479
WP000973,141001AD1,180.0000,2,,0.0000,360.0000,
WP000973,PS140309,0.0000,1,,0.0000,0.0000,
WP000972,141001AD1,180.0000,1,,0.0000,180.0000,
WP000971,141001PS1,180.0000,1,,0.0000,180.0000,
WP000971,PS141675,0.0000,1,,0.0000,0.0000,
WP000971,PS156168,0.0000,1,,0.0000,0.0000,
WP000971,PS156168,0.0000,1,,0.0000,0.0000,
WP000971,PS2017SF-UMBRELLA,0.0000,1,,0.0000,0.0000,
WP000971,141001WT1,180.0000,1,,0.0000,180.0000,
WP000971,141675-154606-140264-155673-141001,649.0000,1,,0.0000,649.0000,
WP000971,PS141675,0.0000,1,,0.0000,0.0000,
WP000971,PS156168,0.0000,1,,0.0000,0.0000,
WP000971,PS2017SF-UMBRELLA,0.0000,1,,0.0000,0.0000,
WP000970,141001AD1,180.0000,1,,0.0000,180.0000,
WP000969,141001AD1,180.0000,2,,0.0000,360.0000,
WP000968,141001AD1,180.0000,1,,0.0000,180.0000,
WP000967,157320,300.0000,1,,0.0000,300.0000,476
WP000966,141001AD1,180.0000,5,,0.0000,900.0000,
WP000965,141001FS1,180.0000,1,,0.0000,180.0000,
WP000964,141001AD1,180.0000,1,,0.0000,180.0000,
WP000963,141001AD1,180.0000,3,,0.0000,540.0000,
WP000962,141001WT1,180.0000,1,,0.0000,180.0000,
WP000961,141001AD1,180.0000,1,,0.0000,180.0000,
WP000960,141001AD1,180.0000,2,,0.0000,360.0000,
WP000959,141001AD1,180.0000,3,,0.0000,540.0000,
WP000958,141001AD1,180.0000,1,,0.0000,180.0000,
WP000957,141001AD1,180.0000,1,,0.0000,180.0000,
WP000956,141001WT1,180.0000,1,,0.0000,180.0000,
WP000956,PS156168,0.0000,1,,0.0000,0.0000,
WP000956,141675-154606-140264-155673-141001,649.0000,1,,0.0000,649.0000,
WP000956,PS141675,0.0000,1,,0.0000,0.0000,
WP000956,PS2017SF-UMBRELLA,0.0000,1,,0.0000,0.0000,
WP000955,141001AD1,180.0000,1,,0.0000,180.0000,
WP000954,141001AD1,180.0000,1,,0.0000,180.0000,
WP000953,PS141675,0.0000,1,,0.0000,0.0000,
WP000953,PS2017SF-UMBRELLA,0.0000,1,,0.0000,0.0000,
WP000953,141675-154606-140264-155673-141001,649.0000,1,,0.0000,649.0000,
WP000953,PS156168,0.0000,1,,0.0000,0.0000,
WP000952,141001FS1,180.0000,1,,0.0000,180.0000,
WP000952,141001AD1,180.0000,1,,0.0000,180.0000,
WP000951,PS2017SF-UMBRELLA,0.0000,1,,0.0000,0.0000,
WP000951,140521,354.9000,1,,0.0000,354.9000,484
WP000951,PS156168,0.0000,1,,0.0000,0.0000,
WP000951,141675-154606-140264-155673-141001,649.0000,1,,0.0000,649.0000,
WP000951,PS141675,0.0000,1,,0.0000,0.0000,
WP000950,141001AD1,180.0000,1,,0.0000,180.0000,
WP000949,141001AD1,180.0000,1,,0.0000,180.0000,
WP000948,141001AD1,180.0000,5,,0.0000,900.0000,
WP000947,141001AD1,180.0000,1,,0.0000,180.0000,
WP000946,141001AD1,180.0000,1,,0.0000,180.0000,
WP000945,141001FS1,180.0000,1,,0.0000,180.0000,
WP000945,141001FP,180.0000,1,,0.0000,180.0000,
WP000945,141001AD1,180.0000,1,,0.0000,180.0000,
WP000945,141001WT1,180.0000,1,,0.0000,180.0000,
WP000945,PS141001SP,0.0000,1,,0.0000,0.0000,
WP000944,141001AD1,180.0000,1,,0.0000,180.0000,
WP000943,141001AD1,180.0000,1,,0.0000,180.0000,
WP000942,141001AD1,180.0000,2,,0.0000,360.0000,
WP000941,141001AD1,180.0000,2,,0.0000,360.0000,
WP000940,141001AD1,180.0000,1,,0.0000,180.0000,
WP000940,PS156168,0.0000,1,,0.0000,0.0000,
WP000940,141675-154606-140264-155673-141001,649.0000,1,,0.0000,649.0000,
WP000940,PS141675,0.0000,1,,0.0000,0.0000,
WP000940,PS2017SF-UMBRELLA,0.0000,1,,0.0000,0.0000,
WP000939,141001WT1,180.0000,3,,0.0000,540.0000,
WP000938,141001AD1,180.0000,1,,0.0000,180.0000,
WP000937,153576,144.0000,4,,0.0000,576.0000,469
WP000936,141001AD1,180.0000,1,,0.0000,180.0000,
WP000935,153576,144.0000,6,,0.0000,864.0000,469
WP000935,153576PS,0.0000,3,,0.0000,0.0000,469
WP000934,157320,300.0000,1,,0.0000,300.0000,476
WP000933,152575,273.0000,5,,0.0000,"1,365.0000",522
WP000932,141001AD1,180.0000,1,,0.0000,180.0000,
WP000931,141001AD1,180.0000,1,,0.0000,180.0000,
WP000930,141001AD1,180.0000,1,,0.0000,180.0000,
WP000929,141001AD1,180.0000,1,,0.0000,180.0000,
WP000928,141001AD1,180.0000,1,,0.0000,180.0000,
WP000927,141001AD1,180.0000,6,,0.0000,"1,080.0000",
WP000927,141001WT1,180.0000,2,,0.0000,360.0000,
WP000926,141001AD1,180.0000,1,,0.0000,180.0000,
WP000925,141001AD1,180.0000,2,,0.0000,360.0000,
WP000924,141001AD1,180.0000,1,,0.0000,180.0000,
WP000923,141001AD1,180.0000,1,,0.0000,180.0000,
WP000922,141001AD1,180.0000,2,,0.0000,360.0000,
WP000921,141001AD1,180.0000,1,,0.0000,180.0000,
WP000920,141001AD1,180.0000,2,,0.0000,360.0000,
WP000919,141001AD1,180.0000,2,,0.0000,360.0000,
WP000918,141001FP,180.0000,1,,0.0000,180.0000,
WP000918,141001FPPS,0.0000,1,,0.0000,0.0000,
WP000917,141001AD1,180.0000,2,,0.0000,360.0000,
WP000916,140309,259.0000,1,,0.0000,259.0000,479
WP000916,141001AD1,180.0000,1,,0.0000,180.0000,
WP000916,PS140309,0.0000,1,,0.0000,0.0000,
WP000915,PS141675,0.0000,1,,0.0000,0.0000,
WP000915,PS2017SF-UMBRELLA,0.0000,1,,0.0000,0.0000,
WP000915,141675-154606-140264-155673-141001,649.0000,1,,0.0000,649.0000,
WP000915,PS156168,0.0000,1,,0.0000,0.0000,
WP000914,141001AD1,180.0000,1,,0.0000,180.0000,
WP000913,141001AD1,180.0000,1,,0.0000,180.0000,
WP000912,141001FS1,180.0000,1,,0.0000,180.0000,
WP000911,141001AD1,180.0000,1,,0.0000,180.0000,
WP000910,141001AD1,180.0000,1,,0.0000,180.0000,
WP000909,141001AD1,180.0000,1,,0.0000,180.0000,
WP000908,AHC082017B,"1,000.0000",1,,0.0000,"1,000.0000",
WP000908,141001AD1,180.0000,2,,0.0000,360.0000,
WP000907,141001AD1,180.0000,1,,0.0000,180.0000,
WP000906,141001WT1,180.0000,1,,0.0000,180.0000,
WP000906,141001FPPS,0.0000,1,,0.0000,0.0000,
WP000906,141001AD1,180.0000,1,,0.0000,180.0000,
WP000906,141001FP,180.0000,1,,0.0000,180.0000,
WP000905,141001AD1,180.0000,1,,0.0000,180.0000,
WP000904,141001AD1,180.0000,1,,0.0000,180.0000,
WP000903,141001AD1,180.0000,1,,0.0000,180.0000,
WP000902,141001AD1,180.0000,2,,0.0000,360.0000,
WP000901,141001AD1,180.0000,1,,0.0000,180.0000,
WP000900,141001AD1,180.0000,1,,0.0000,180.0000,
WP000900,141001WT1,180.0000,1,,0.0000,180.0000,
WP000899,141001AD1,180.0000,2,,0.0000,360.0000,
WP000898,157320,300.0000,1,,0.0000,300.0000,476
WP000897,157208,600.0000,1,,0.0000,600.0000,476
WP000896,157320,300.0000,1,,0.0000,300.0000,476
WP000895,157208,600.0000,3,,0.0000,"1,800.0000",476
WP000894,141001,180.0000,3,,0.0000,540.0000,478
WP000892,PS156168,0.0000,1,,0.0000,0.0000,
WP000892,PS141675,0.0000,1,,0.0000,0.0000,
WP000892,PS2017SF-UMBRELLA,0.0000,1,,0.0000,0.0000,
WP000892,141675-154606-140264-155673-141001,649.0000,1,,0.0000,649.0000,
WP000891,PS141675,0.0000,1,,0.0000,0.0000,
WP000891,PS2017SF-UMBRELLA,0.0000,1,,0.0000,0.0000,
WP000891,141675-154606-140264-155673-141001,649.0000,1,,0.0000,649.0000,
WP000891,PS156168,0.0000,1,,0.0000,0.0000,
WP000890,141001WT1,180.0000,2,,0.0000,360.0000,
WP000889,141001WT1,180.0000,10,,0.0000,"1,800.0000",
WP000888,157320,300.0000,1,,0.0000,300.0000,476
WP000887,153576PS,0.0000,1,,0.0000,0.0000,469
WP000887,153576,144.0000,2,,0.0000,288.0000,469
WP000886,141001WTPS,0.0000,1,,0.0000,0.0000,
WP000886,141001WT,540.0000,1,,0.0000,540.0000,
WP000885,153576,144.0000,16,,0.0000,"2,304.0000",469
WP000885,153576PS,0.0000,8,,0.0000,0.0000,469
WP000884,155862BX,650.0000,1,,0.0000,650.0000,480
WP000884,152229,138.0000,1,,0.0000,138.0000,
WP000884,141001AD1,180.0000,1,,0.0000,180.0000,
WP000884,157082,190.0000,1,,0.0000,190.0000,
WP000884,141001PS1,180.0000,1,,0.0000,180.0000,
WP000883,153576,144.0000,2,,0.0000,288.0000,469
WP000882,141001PS1,180.0000,1,,0.0000,180.0000,
WP000881,157320,300.0000,1,,0.0000,300.0000,476
WP000880,153576,144.0000,4,,0.0000,576.0000,469
WP000880,153576PS,0.0000,3,,0.0000,0.0000,469
WP000879,157208,600.0000,1,,0.0000,600.0000,476
WP000878,157320,300.0000,1,,0.0000,300.0000,476
WP000878,PS156168,0.0000,1,,0.0000,0.0000,
WP000878,141001PS1,180.0000,2,,0.0000,360.0000,
WP000878,140839,99.0000,1,,0.0000,99.0000,489
WP000878,PS141675,0.0000,1,,0.0000,0.0000,
WP000878,PS2017SF-UMBRELLA,0.0000,1,,0.0000,0.0000,
WP000878,141675-154606-140264-155673-141001,649.0000,1,,0.0000,649.0000,
WP000877,153576,144.0000,10,,0.0000,"1,440.0000",469
WP000877,153576PS,0.0000,5,,0.0000,0.0000,469
WP000876,141001PS1,180.0000,1,,0.0000,180.0000,
WP000874,153576PS,0.0000,2,,0.0000,0.0000,469
WP000874,153576,144.0000,2,,0.0000,288.0000,469
WP000873,156217,155.0000,40,,0.0000,"6,200.0000",494
WP000872,157320,300.0000,1,,0.0000,300.0000,476
WP000871,141001FS1,180.0000,1,,0.0000,180.0000,
WP000871,152676,70.0000,2,,0.0000,140.0000,466
WP000871,157082,190.0000,1,,0.0000,190.0000,
WP000871,154915,132.5000,1,,0.0000,132.5000,500
WP000870,156809,108.3900,48,,0.0000,"5,202.7200",574
WP000870,151933,340.0000,36,,0.0000,"12,240.0000",478
WP000869,153576,144.0000,2,,0.0000,288.0000,469
WP000869,PS141675,0.0000,2,,0.0000,0.0000,
WP000869,PS2017SF-UMBRELLA,0.0000,2,,0.0000,0.0000,
WP000869,PS140309,0.0000,1,,0.0000,0.0000,
WP000869,141001PS1,180.0000,3,,0.0000,540.0000,
WP000869,151933,340.0000,1,,0.0000,340.0000,478
WP000869,153576PS,0.0000,1,,0.0000,0.0000,469
WP000869,PS156168,0.0000,2,,0.0000,0.0000,
WP000869,121573,259.0000,1,,0.0000,259.0000,
WP000869,141675-154606-140264-155673-141001,649.0000,2,,0.0000,"1,298.0000",
WP000869,151924,358.0000,1,,0.0000,358.0000,470
WP000868,152734,136.5000,1,,0.0000,136.5000,593
WP000867,141675-154606-140264-155673-141001,649.0000,2,,0.0000,"1,298.0000",
WP000867,141001PS1,180.0000,2,,0.0000,360.0000,
WP000867,153576,144.0000,2,,0.0000,288.0000,469
WP000867,PS140309,0.0000,1,,0.0000,0.0000,
WP000867,PS156168,0.0000,2,,0.0000,0.0000,
WP000867,151933,340.0000,1,,0.0000,340.0000,478
WP000867,140309,259.0000,1,,0.0000,259.0000,479
WP000867,153576PS,0.0000,1,,0.0000,0.0000,469
WP000867,PS141675,0.0000,2,,0.0000,0.0000,
WP000867,PS2017SF-UMBRELLA,0.0000,2,,0.0000,0.0000,
WP000866,157320,300.0000,1,,0.0000,300.0000,476
WP000865,152576PS,260.0000,1,,0.0000,260.0000,522
WP000864,153576PS,0.0000,2,,0.0000,0.0000,469
WP000864,153576,144.0000,4,,0.0000,576.0000,469
WP000863,141001PS1,180.0000,3,,0.0000,540.0000,
WP000862,153576,144.0000,10,,0.0000,"1,440.0000",469
WP000862,156045,199.0000,1,,0.0000,199.0000,552
WP000862,153576PS,0.0000,5,,0.0000,0.0000,469
WP000862,152575,273.0000,1,,0.0000,273.0000,522
WP000861,141001FS1,180.0000,1,,0.0000,180.0000,
WP000860,153576,144.0000,8,,0.0000,"1,152.0000",469
WP000860,153576PS,0.0000,4,,0.0000,0.0000,469
WP000859,141001PS1,180.0000,1,,0.0000,180.0000,
WP000858,151933,340.0000,36,,0.0000,"12,240.0000",478
WP000858,156809,108.3900,48,,0.0000,"5,202.7200",574
WP000857,141001PS1,180.0000,2,,0.0000,360.0000,
WP000856,141001FS1,180.0000,1,,0.0000,180.0000,
WP000855,141001FS1,180.0000,2,,0.0000,360.0000,
WP000854,157320,300.0000,1,,0.0000,300.0000,476
WP000853,141001FS1,180.0000,1,,0.0000,180.0000,
WP000852,141001FS1,180.0000,1,,0.0000,180.0000,
WP000851,141001PS1,180.0000,1,,0.0000,180.0000,
WP000851,PS141001-TAB,0.0000,1,,0.0000,0.0000,
WP000850,153576PS,0.0000,7,,0.0000,0.0000,469
WP000850,153576,144.0000,14,,0.0000,"2,016.0000",469
WP000848,153576PS,0.0000,2,,0.0000,0.0000,469
WP000848,153576,144.0000,4,,0.0000,576.0000,469
WP000847,PS121565,0.0000,2,,0.0000,0.0000,
WP000847,121575,446.0000,2,,0.0000,892.0000,
WP000847,141001PS1,180.0000,3,,0.0000,540.0000,
WP000846,141001FS1,180.0000,3,,0.0000,540.0000,
WP000845,141001PS,0.0000,1,,0.0000,0.0000,478
WP000845,PS141001-TAB,0.0000,1,,0.0000,0.0000,
WP000845,141001AD1,180.0000,1,,0.0000,180.0000,
WP000845,141001PS1,180.0000,1,,0.0000,180.0000,
WP000843,154525,120.0000,3,,0.0000,360.0000,577
WP000842,154525,120.0000,1,,0.0000,120.0000,577
WP000841,PS141001-TAB,0.0000,2,,0.0000,0.0000,
WP000841,141001PS1,180.0000,2,,0.0000,360.0000,
WP000840,141001AD1,180.0000,1,,0.0000,180.0000,
WP000840,141001PS,0.0000,1,,0.0000,0.0000,478
WP000840,141001WT1,180.0000,1,,0.0000,180.0000,
WP000840,141001WTPS,0.0000,1,,0.0000,0.0000,
WP000839,141001FS1,180.0000,1,,0.0000,180.0000,
WP000838,141001PS1,180.0000,3,,0.0000,540.0000,
WP000838,PS141001-TAB,0.0000,3,,0.0000,0.0000,
WP000837,PS141001-TAB,0.0000,1,,0.0000,0.0000,
WP000836,151917,113.6200,2,,227.2400,227.2400,467
WP000836,20170305BG,566.1100,1,,566.1100,566.1100,"467,472,494"
WP000836,156209,308.0000,2,,616.0000,616.0000,494
WP000836,154965,114.0000,1,,114.0000,114.0000,472
WP000836,20170301BG,425.0800,1,,425.0800,425.0800,"467,470,536,494"
WP000836,156328,446.0000,1,,446.0000,446.0000,471
WP000836,105803,97.2400,1,,97.2400,97.2400,527
WP000835,156328,446.0000,4,,"1,784.0000","1,784.0000",471
WP000835,141691,199.0000,1,,199.0000,199.0000,470
WP000015,PS141001-TAB,0.0000,1,,0.0000,0.0000,
WP000015,141001PS1,180.0000,1,,0.0000,180.0000,
WP000015,156421,600.0000,1,,0.0000,600.0000,468
WP000834,PS141001-TAB,0.0000,1,,0.0000,0.0000,
WP000834,141001PS1,180.0000,1,,0.0000,180.0000,
WP000833,141001PS1,180.0000,1,,0.0000,180.0000,
WP000833,PS141001-TAB,0.0000,1,,0.0000,0.0000,
WP000832,141001PS1,180.0000,2,,0.0000,360.0000,
WP000832,141001FS1,180.0000,1,,0.0000,180.0000,
WP000832,PS141001-TAB,0.0000,2,,0.0000,0.0000,
WP000014,141001FS1,180.0000,1,,0.0000,180.0000,
WP000831,141001FS1,180.0000,1,,0.0000,180.0000,
WP000830,141001FS1,180.0000,1,,0.0000,180.0000,
WP000829,141001FS1,180.0000,1,,0.0000,180.0000,
WP000828,141001WT1,180.0000,1,,0.0000,180.0000,
WP000828,141001WTPS,0.0000,1,,0.0000,0.0000,
WP000827,PS141001-TAB,0.0000,2,,0.0000,0.0000,
WP000827,141001PS1,180.0000,2,,0.0000,360.0000,
WP000826,141001PS1,180.0000,3,,0.0000,540.0000,
WP000826,PS141001-TAB,0.0000,3,,0.0000,0.0000,
WP000825,153576,144.0000,4,,0.0000,576.0000,469
WP000825,153576PS,0.0000,2,,0.0000,0.0000,469
WP000824,141001FS1,180.0000,1,,0.0000,180.0000,
WP000823,141001FS1,180.0000,1,,0.0000,180.0000,
WP000822,141001FS1,180.0000,1,,0.0000,180.0000,
WP000821,141001PS1,180.0000,1,,0.0000,180.0000,
WP000821,PS141001-TAB,0.0000,1,,0.0000,0.0000,
WP000820,141001FS1,180.0000,1,,0.0000,180.0000,
WP000819,141001FS1,180.0000,1,,0.0000,180.0000,
WP000818,PS141001-TAB,0.0000,2,,0.0000,0.0000,
WP000818,141001PS1,180.0000,2,,0.0000,360.0000,
WP000817,141001FS1,180.0000,1,,0.0000,180.0000,
WP000817,PS141001-TAB,0.0000,1,,0.0000,0.0000,
WP000817,141001PS1,180.0000,1,,0.0000,180.0000,
WP000816,141001FS1,180.0000,1,,0.0000,180.0000,
WP000816,151932,199.0000,1,,0.0000,199.0000,478
WP000815,141001FS1,180.0000,1,,0.0000,180.0000,
WP000814,141001FS1,180.0000,1,,0.0000,180.0000,
WP000813,141001PS1,180.0000,4,,0.0000,720.0000,
WP000813,PS141001-TAB,0.0000,4,,0.0000,0.0000,
WP000812,152575,273.0000,4,,0.0000,"1,092.0000",522
WP000811,152575,273.0000,4,,0.0000,"1,092.0000",522
WP000810,152575,273.0000,4,,0.0000,"1,092.0000",522
WP000809,PS141001-TAB,0.0000,2,,0.0000,0.0000,
WP000809,141001PS1,180.0000,2,,0.0000,360.0000,
WP000808,PS141001-TAB,0.0000,1,,0.0000,0.0000,
WP000808,141001PS1,180.0000,1,,0.0000,180.0000,
WP000807,141001FS1,180.0000,1,,0.0000,180.0000,
WP000806,141001PS1,180.0000,1,,0.0000,180.0000,
WP000806,PS141001-TAB,0.0000,1,,0.0000,0.0000,
WP000805,153554,37.4000,10,,0.0000,374.0000,487
WP000805,140309,259.0000,1,,0.0000,259.0000,479
WP000805,141001PS1,180.0000,2,,0.0000,360.0000,
WP000805,PS141001-TAB,0.0000,2,,0.0000,0.0000,
WP000805,PS140309,0.0000,1,,0.0000,0.0000,
WP000804,20170301BG,425.0800,1,,425.0800,425.0800,"467,470,536,494"
WP000804,151917,113.6200,2,,227.2400,227.2400,467
WP000804,154965,114.0000,1,,114.0000,114.0000,472
WP000804,154249,179.0000,2,,358.0000,358.0000,557
WP000804,155066,65.4400,1,,65.4400,65.4400,467
WP000804,152365,236.0000,2,,472.0000,472.0000,472
WP000804,156209,308.0000,1,,308.0000,308.0000,494
WP000803,PS141001-TAB,0.0000,1,,0.0000,0.0000,
WP000803,141001PS1,180.0000,1,,0.0000,180.0000,
WP000802,141001FS1,180.0000,1,,0.0000,180.0000,
WP000801,PS141001-TAB,0.0000,4,,0.0000,0.0000,
WP000801,141001PS1,180.0000,4,,0.0000,720.0000,
WP000800,140503,125.0000,1,,0.0000,125.0000,555
WP000800,157320,300.0000,2,,0.0000,600.0000,476
WP000799,141001FS1,180.0000,1,,0.0000,180.0000,
WP000798,141001PS1,180.0000,1,,0.0000,180.0000,
WP000798,157082,190.0000,1,,0.0000,190.0000,
WP000797,157320,300.0000,1,,0.0000,300.0000,476
WP000796,157208,600.0000,1,,0.0000,600.0000,476
WP000795,152576PS,260.0000,1,,0.0000,260.0000,522
WP000794,152575,273.0000,4,,0.0000,"1,092.0000",522
WP000793,153576PS,0.0000,2,,0.0000,0.0000,469
WP000793,153576,144.0000,4,,0.0000,576.0000,469
WP000792,153576PS,0.0000,1,,0.0000,0.0000,469
WP000792,153576,144.0000,2,,0.0000,288.0000,469
WP000791,153576PS,0.0000,3,,0.0000,0.0000,469
WP000791,153576,144.0000,6,,0.0000,864.0000,469
WP000790,153576PS,0.0000,1,,0.0000,0.0000,469
WP000790,153576,144.0000,2,,0.0000,288.0000,469
WP000789,153576PS,0.0000,4,,0.0000,0.0000,469
WP000789,153576,144.0000,8,,0.0000,"1,152.0000",469
WP000788,153576PS,0.0000,2,,0.0000,0.0000,469
WP000788,153576,144.0000,4,,0.0000,576.0000,469
WP000787,157320,300.0000,1,,0.0000,300.0000,476
WP000786,141001FP,180.0000,1,,0.0000,180.0000,
WP000786,141001FPPS,0.0000,1,,0.0000,0.0000,
WP000785,153576,144.0000,2,,0.0000,288.0000,469
WP000785,153576PS,0.0000,1,,0.0000,0.0000,469
WP000784,153576PS,0.0000,2,,0.0000,0.0000,469
WP000784,153576,144.0000,4,,0.0000,576.0000,469
WP000783,152576,130.0000,2,,0.0000,260.0000,522
WP000782,153576PS,0.0000,1,,0.0000,0.0000,469
WP000782,153576,144.0000,2,,0.0000,288.0000,469
WP000781,157320,300.0000,1,,0.0000,300.0000,476
WP000780,153576,144.0000,1,,0.0000,144.0000,469
WP000779,153576PS,0.0000,1,,0.0000,0.0000,469
WP000779,153576,144.0000,2,,0.0000,288.0000,469
WP000778,152576PS,260.0000,1,,0.0000,260.0000,522
WP000777,157208,600.0000,1,,0.0000,600.0000,476
WP000776,152733,80.0000,5,,0.0000,400.0000,593
WP000775,157320,300.0000,1,,0.0000,300.0000,476
WP000774,152363,78.0000,1,,78.0000,78.0000,472
WP000774,152365,236.0000,5,,"1,180.0000","1,180.0000",472
WP000774,153089,162.7500,1,,162.7500,162.7500,514
WP000774,156328,446.0000,1,,446.0000,446.0000,471
WP000774,151929,134.0000,1,,134.0000,134.0000,547
WP000773,153576,144.0000,14,,0.0000,"2,016.0000",469
WP000773,153576PS,0.0000,7,,0.0000,0.0000,469
WP000772,152733,80.0000,6,,0.0000,480.0000,593
WP000771,153576PS,0.0000,1,,0.0000,0.0000,469
WP000771,153576,144.0000,2,,0.0000,288.0000,469
WP000770,157320,300.0000,1,,0.0000,300.0000,476
WP000769,156168,65.0000,3,,0.0000,195.0000,467
WP000769,152228,17.0000,1,,0.0000,17.0000,584
WP000769,141691,199.0000,1,,0.0000,199.0000,470
WP000769,107946,21.0000,1,,0.0000,21.0000,483
WP000769,153554,30.0000,2,,0.0000,60.0000,487
WP000768,153576PS,0.0000,2,,0.0000,0.0000,469
WP000768,153576,144.0000,4,,0.0000,576.0000,469
WP000767,157208,600.0000,3,,0.0000,"1,800.0000",476
WP000766,153576,144.0000,10,,0.0000,"1,440.0000",469
WP000766,153576PS,0.0000,5,,0.0000,0.0000,469
WP000765,152576PS,260.0000,1,,0.0000,260.0000,522
WP000764,152576,130.0000,3,,0.0000,390.0000,522
WP000763,141001PS,0.0000,26,,0.0000,0.0000,478
WP000763,141001AD,540.0000,26,,0.0000,"14,040.0000",
WP000762,153576,144.0000,2,,0.0000,288.0000,469
WP000762,153576PS,0.0000,1,,0.0000,0.0000,469
WP000761,157320,300.0000,1,,0.0000,300.0000,476
WP000760,153576PS,0.0000,1,,0.0000,0.0000,469
WP000760,153576,144.0000,2,,0.0000,288.0000,469
WP000759,151917,113.6200,2,,227.2400,227.2400,467
WP000759,141691,199.0000,2,,398.0000,398.0000,470
WP000759,156217,155.0000,1,,155.0000,155.0000,494
WP000759,20170304BG,526.5000,1,,526.5000,526.5000,"467,472,524,494"
WP000759,153271,500.0000,1,,500.0000,500.0000,553
WP000759,154249,179.0000,1,,179.0000,179.0000,557
WP000758,153576PS,0.0000,3,,0.0000,0.0000,469
WP000758,153576,144.0000,6,,0.0000,864.0000,469
WP000757,152576PS,260.0000,1,,0.0000,260.0000,522
WP000756,153576PS,0.0000,1,,0.0000,0.0000,469
WP000756,153576,144.0000,3,,0.0000,432.0000,469
WP000755,153576PS,0.0000,2,,0.0000,0.0000,469
WP000755,153576,144.0000,4,,0.0000,576.0000,469
WP000754,140504BX,"1,240.0000",1,,0.0000,"1,240.0000",475
WP000753,140504BX,"1,240.0000",1,,0.0000,"1,240.0000",475
WP000752,153576PS,0.0000,2,,0.0000,0.0000,469
WP000752,153576,144.0000,4,,0.0000,576.0000,469
WP000751,152576,130.0000,4,,0.0000,520.0000,522
WP000750,141001,180.0000,1,,0.0000,180.0000,478
WP000749,153576PS,0.0000,1,,0.0000,0.0000,469
WP000749,153576,144.0000,2,,0.0000,288.0000,469
WP000748,154606,60.0000,1,,0.0000,60.0000,467
WP000746,157320,300.0000,1,,0.0000,300.0000,476
WP000745,153576PS,0.0000,2,,0.0000,0.0000,469
WP000745,153576,144.0000,4,,0.0000,576.0000,469
WP000744,157208,600.0000,1,,0.0000,600.0000,476
WP000743,157320,300.0000,1,,0.0000,300.0000,476
WP000743,157208,600.0000,1,,0.0000,600.0000,476
WP000742,157320,300.0000,1,,0.0000,300.0000,476
WP000742,157208,600.0000,1,,0.0000,600.0000,476
WP000741,157208,600.0000,1,,0.0000,600.0000,476
WP000740,157208,600.0000,1,,0.0000,600.0000,476
WP000739,157208,600.0000,1,,0.0000,600.0000,476
WP000738,157320,300.0000,1,,0.0000,300.0000,476
WP000737,156397,29.0000,3,,0.0000,87.0000,593
WP000736,156397,29.0000,3,,0.0000,87.0000,593
WP000735,157208,600.0000,1,,0.0000,600.0000,476
WP000734,157320,300.0000,1,,0.0000,300.0000,476
WP000733,157320,300.0000,1,,0.0000,300.0000,476
WP000732,157320,300.0000,1,,0.0000,300.0000,476
WP000731,141001,180.0000,1,,0.0000,180.0000,478
WP000731,157320,300.0000,1,,0.0000,300.0000,476
WP000730,156421,600.0000,3,,0.0000,"1,800.0000",468
WP000729,154965,114.0000,1,,0.0000,114.0000,472
WP000729,157208,600.0000,1,,0.0000,600.0000,476
WP000728,153576,144.0000,4,,0.0000,576.0000,469
WP000727,152575,273.0000,1,,0.0000,273.0000,522
WP000726,155823,761.2000,1,,0.0000,761.2000,474
WP000725,155823,761.2000,1,,0.0000,761.2000,474
WP000724,155823,761.2000,1,,0.0000,761.2000,474
WP000723,153576,144.0000,8,,0.0000,"1,152.0000",469
WP000722,153576,144.0000,4,,0.0000,576.0000,469
WP000721,157320,300.0000,1,,0.0000,300.0000,476
WP000720,157320PS,0.0000,1,0.0000,0.0000,0.0000,
WP000720,157320,300.0000,8,0.0000,0.0000,"2,400.0000",476
WP000719,153576,144.0000,4,,0.0000,576.0000,469
WP000718,157208,600.0000,1,,0.0000,600.0000,476
WP000717,157208,600.0000,1,,0.0000,600.0000,476
WP000716,153576,144.0000,6,,0.0000,864.0000,469
WP000715,154915FD,0.0000,30,,0.0000,0.0000,500
WP000715,PS140640,0.0000,1,,0.0000,0.0000,500
WP000715,154915-140640-156421-PS140640,990.0000,1,,0.0000,990.0000,"500,499"
WP000715,140640FD,0.0000,1,,0.0000,0.0000,499
WP000714,152576PS,260.0000,1,,0.0000,260.0000,522
WP000713,157320,300.0000,1,,0.0000,300.0000,476
WP000712,153576,144.0000,12,,0.0000,"1,728.0000",469
WP000711,105803,97.2400,1,,0.0000,97.2400,527
WP000711,152657,132.5000,1,,0.0000,132.5000,489
WP000711,157082,190.0000,1,,0.0000,190.0000,
WP000711,105803,97.2400,2,,0.0000,194.4800,527
WP000711,153261,80.0000,2,,0.0000,160.0000,464
WP000711,152668,126.0000,1,,0.0000,126.0000,489
WP000711,151920,100.0000,3,,0.0000,300.0000,470
WP000710,153576,144.0000,10,,0.0000,"1,440.0000",469
WP000709,157320,300.0000,1,,0.0000,300.0000,476
WP000708,157320,300.0000,1,,0.0000,300.0000,476
WP000707,157320,300.0000,1,,0.0000,300.0000,476
WP000706,153576,144.0000,4,,0.0000,576.0000,469
WP000705,153576,144.0000,2,,0.0000,288.0000,469
WP000704,157320,300.0000,1,,0.0000,300.0000,476
WP000703,157320,300.0000,1,,0.0000,300.0000,476
WP000702,157320,300.0000,1,,0.0000,300.0000,476
WP000701,141001,180.0000,1,,0.0000,180.0000,478
WP000701,140521,354.9000,1,,0.0000,354.9000,484
WP000700,153576,144.0000,6,,0.0000,864.0000,469
WP000700,153576PS,0.0000,3,,0.0000,0.0000,469
WP000699,157320,300.0000,1,,0.0000,300.0000,476
WP000698,157320,300.0000,1,,0.0000,300.0000,476
WP000697,152575,273.0000,1,,0.0000,273.0000,522
WP000696,152575,273.0000,4,,0.0000,"1,092.0000",522
WP000695,152575,273.0000,1,,0.0000,273.0000,522
WP000694,141743,275.0000,2,,0.0000,550.0000,499
WP000694,156421BX,"1,200.0000",1,,0.0000,"1,200.0000",468
WP000693,152575,273.0000,1,,0.0000,273.0000,522
WP000692,153576,144.0000,8,,0.0000,"1,152.0000",469
WP000692,153576PS,0.0000,4,,0.0000,0.0000,469
WP000691,PS2016HYTB,0.0000,1,,0.0000,0.0000,
WP000691,156217,155.0000,19,,0.0000,"2,945.0000",494
WP000690,155823,761.2000,1,,0.0000,761.2000,474
WP000689,153576,144.0000,2,,0.0000,288.0000,469
WP000689,153576PS,0.0000,1,,0.0000,0.0000,469
WP000688,157320,300.0000,1,,0.0000,300.0000,476
WP000687,153576,144.0000,1,,0.0000,144.0000,469
WP000686,157320,300.0000,1,,0.0000,300.0000,476
WP000685,153576PS,0.0000,1,,0.0000,0.0000,469
WP000685,153576,144.0000,2,,0.0000,288.0000,469
WP000684,153576PS,0.0000,1,,0.0000,0.0000,469
WP000684,153576,144.0000,2,,0.0000,288.0000,469
WP000683,153576,144.0000,2,,0.0000,288.0000,469
WP000683,153576PS,0.0000,1,,0.0000,0.0000,469
WP000682,153576,144.0000,2,,0.0000,288.0000,469
WP000682,153576PS,0.0000,1,,0.0000,0.0000,469
WP000681,157320,300.0000,1,,0.0000,300.0000,476
WP000680,153576PS,0.0000,3,,0.0000,0.0000,469
WP000680,153576,144.0000,6,,0.0000,864.0000,469
WP000679,153576PS,0.0000,5,,0.0000,0.0000,469
WP000679,153576,144.0000,10,,0.0000,"1,440.0000",469
WP000678,157208,600.0000,1,,0.0000,600.0000,476
WP000677,157320,300.0000,1,,0.0000,300.0000,476
WP000676,157208,600.0000,1,,0.0000,600.0000,476
WP000675,152576PS,260.0000,1,,0.0000,260.0000,522
WP000674,153576,144.0000,24,,0.0000,"3,456.0000",469
WP000674,153576PS,0.0000,12,,0.0000,0.0000,469
WP000673,152576,130.0000,1,,0.0000,130.0000,522
WP000673,152574,130.0000,1,,0.0000,130.0000,522
WP000672,154915FD,0.0000,30,,0.0000,0.0000,500
WP000672,156421FD,0.0000,8,,0.0000,0.0000,468
WP000672,154915-140640-156421-PS140640,990.0000,1,,0.0000,990.0000,"500,499"
WP000672,140640FD,0.0000,1,,0.0000,0.0000,499
WP000672,PS140640,0.0000,1,,0.0000,0.0000,500
WP000671,153576,144.0000,1,,0.0000,144.0000,469
WP000670,157320,300.0000,1,,0.0000,300.0000,476
WP000670,120485,60.7500,1,,0.0000,60.7500,555
WP000669,157320,300.0000,1,,0.0000,300.0000,476
WP000668,152575,273.0000,1,,0.0000,273.0000,522
WP000667,153576,144.0000,6,,0.0000,864.0000,469
WP000667,156328,446.0000,1,,0.0000,446.0000,471
WP000667,153576PS,0.0000,3,,0.0000,0.0000,469
WP000666,155823,761.2000,1,,0.0000,761.2000,474
WP000666,155823PS,0.0000,1,,0.0000,0.0000,
WP000665,154915-140640-156421-PS140640,990.0000,1,,0.0000,990.0000,"500,499"
WP000665,156421,600.0000,3,,0.0000,"1,800.0000",468
WP000665,140640FD,0.0000,1,,0.0000,0.0000,499
WP000665,PS140640,0.0000,1,,0.0000,0.0000,500
WP000665,156420,600.0000,2,,0.0000,"1,200.0000",468
WP000665,154915FD,0.0000,30,,0.0000,0.0000,500
WP000665,156421FD,0.0000,8,,0.0000,0.0000,468
WP000664,157320,300.0000,1,,0.0000,300.0000,476
WP000663,153576,144.0000,6,,0.0000,864.0000,469
WP000663,140521,354.9000,1,,0.0000,354.9000,484
WP000663,153576PS,0.0000,3,,0.0000,0.0000,469
WP000662,153576,144.0000,4,,0.0000,576.0000,469
WP000662,153576PS,0.0000,2,,0.0000,0.0000,469
WP000661,153576,144.0000,2,,0.0000,288.0000,469
WP000661,153576PS,0.0000,1,,0.0000,0.0000,469
WP000660,153576PS,0.0000,1,,0.0000,0.0000,469
WP000660,153576,144.0000,2,,0.0000,288.0000,469
WP000659,155823,761.2000,1,,0.0000,761.2000,474
WP000658,155823PS,0.0000,1,,0.0000,0.0000,
WP000658,155823,761.2000,1,,0.0000,761.2000,474
WP000657,153576PS,0.0000,2,,0.0000,0.0000,469
WP000657,153576,144.0000,4,,0.0000,576.0000,469
WP000656,156217,155.0000,49,,0.0000,"7,595.0000",494
WP000656,PS2016HYTB,0.0000,1,,0.0000,0.0000,
WP000656,156217,155.0000,1,,0.0000,155.0000,494
WP000655,153576PS,0.0000,1,,0.0000,0.0000,469
WP000655,153576,144.0000,2,,0.0000,288.0000,469
WP000654,153576PS,0.0000,1,,0.0000,0.0000,469
WP000654,153576,144.0000,2,,0.0000,288.0000,469
WP000653,152733,80.0000,1,,0.0000,80.0000,593
WP000652,153576,144.0000,2,,0.0000,288.0000,469
WP000652,153576PS,0.0000,1,,0.0000,0.0000,469
WP000651,153576,144.0000,2,,0.0000,288.0000,469
WP000651,153576PS,0.0000,1,,0.0000,0.0000,469
WP000650,152576PS,260.0000,5,,0.0000,"1,300.0000",522
WP000649,154915-140640-156421-PS140640,990.0000,1,,0.0000,990.0000,"500,499"
WP000649,140640FD,0.0000,1,,0.0000,0.0000,499
WP000649,PS140640,0.0000,1,,0.0000,0.0000,500
WP000649,154915FD,0.0000,30,,0.0000,0.0000,500
WP000649,156421FD,0.0000,8,,0.0000,0.0000,468
WP000648,156168,60.0000,3,,0.0000,180.0000,467
WP000647,157208,600.0000,1,,0.0000,600.0000,476
WP000646,154915FD,0.0000,30,,0.0000,0.0000,500
WP000646,156421FD,0.0000,8,,0.0000,0.0000,468
WP000646,154915-140640-156421-PS140640,990.0000,1,,0.0000,990.0000,"500,499"
WP000646,140640FD,0.0000,1,,0.0000,0.0000,499
WP000646,PS140640,0.0000,1,,0.0000,0.0000,500
WP000645,156065,50.0000,1,,0.0000,50.0000,
WP000645,157082,190.0000,2,,0.0000,380.0000,
WP000645,153261,80.0000,1,,0.0000,80.0000,464
WP000645,141001,180.0000,2,,0.0000,360.0000,478
WP000645,104844,27.0000,1,,0.0000,27.0000,
WP000645,156168,60.0000,1,,0.0000,60.0000,467
WP000644,153576,144.0000,2,,0.0000,288.0000,469
WP000644,153576PS,0.0000,1,,0.0000,0.0000,469
WP000643,153576,144.0000,2,,0.0000,288.0000,469
WP000643,153576PS,0.0000,1,,0.0000,0.0000,469
WP000642,152574PS,520.0000,1,,0.0000,520.0000,522
WP000641,153576,144.0000,2,,0.0000,288.0000,469
WP000641,153576PS,0.0000,1,,0.0000,0.0000,469
WP000640,153576,144.0000,2,,0.0000,288.0000,469
WP000640,153576PS,0.0000,1,,0.0000,0.0000,469
WP000639,152576,130.0000,1,,0.0000,130.0000,522
WP000638,153576,144.0000,2,,0.0000,288.0000,469
WP000638,153576PS,0.0000,1,,0.0000,0.0000,469
WP000637,153576,144.0000,2,,0.0000,288.0000,469
WP000637,153576PS,0.0000,1,,0.0000,0.0000,469
WP000636,153576,144.0000,10,,0.0000,"1,440.0000",469
WP000636,153576PS,0.0000,5,,0.0000,0.0000,469
WP000635,153576PS,0.0000,6,,0.0000,0.0000,469
WP000635,153576,144.0000,12,,0.0000,"1,728.0000",469
WP000634,153576PS,0.0000,5,,0.0000,0.0000,469
WP000634,153576,144.0000,10,,0.0000,"1,440.0000",469
WP000633,153576PS,0.0000,5,,0.0000,0.0000,469
WP000633,153576,144.0000,10,,0.0000,"1,440.0000",469
WP000632,140309,203.0000,1,,0.0000,203.0000,479
WP000632,141743,275.0000,1,,0.0000,275.0000,499
WP000631,153576PS,0.0000,2,,0.0000,0.0000,469
WP000631,153576,144.0000,5,,0.0000,720.0000,469
WP000630,153576PS,0.0000,1,,0.0000,0.0000,469
WP000630,153576,144.0000,2,,0.0000,288.0000,469
WP000629,152574,130.0000,1,,0.0000,130.0000,522
WP000629,152576,130.0000,1,,0.0000,130.0000,522
WP000629,140310,385.0000,1,,0.0000,385.0000,479
WP000628,153576PS,0.0000,2,,0.0000,0.0000,469
WP000628,153576,144.0000,4,,0.0000,576.0000,469
WP000627,153576PS,0.0000,7,,0.0000,0.0000,469
WP000627,153576,144.0000,14,,0.0000,"2,016.0000",469
WP000626,151923,207.0000,1,,0.0000,207.0000,470
WP000626,140521,354.9000,1,,0.0000,354.9000,484
WP000626,156810,58.5400,1,,0.0000,58.5400,515
WP000626,141001,180.0000,1,,0.0000,180.0000,478
WP000625,156719,595.0000,1,,0.0000,595.0000,
WP000624,153576,144.0000,10,,0.0000,"1,440.0000",469
WP000624,153576PS,0.0000,5,,0.0000,0.0000,469
WP000623,153576,144.0000,2,,0.0000,288.0000,469
WP000623,153576PS,0.0000,1,,0.0000,0.0000,469
WP000622,153576,144.0000,4,,0.0000,576.0000,469
WP000622,153576PS,0.0000,2,,0.0000,0.0000,469
WP000621,153576PS,0.0000,3,,0.0000,0.0000,469
WP000621,153576,144.0000,6,,0.0000,864.0000,469
WP000620,156667,15.0000,3,,0.0000,45.0000,484
WP000620,152576PS,260.0000,3,,0.0000,780.0000,522
WP000620,153261PS,0.0000,3,,0.0000,0.0000,464
WP000619,157208,600.0000,1,,0.0000,600.0000,476
WP000618,153576,144.0000,2,,0.0000,288.0000,469
WP000618,153576PS,0.0000,1,,0.0000,0.0000,469
WP000617,152575,273.0000,1,,0.0000,273.0000,522
WP000616,156397,29.0000,1,,0.0000,29.0000,593
WP000616,153576,144.0000,4,,0.0000,576.0000,469
WP000616,153576PS,0.0000,2,,0.0000,0.0000,469
WP000615,157320,300.0000,1,,0.0000,300.0000,476
WP000614,153576,144.0000,4,,0.0000,576.0000,469
WP000614,153576PS,0.0000,2,,0.0000,0.0000,469
WP000613,152574,130.0000,4,,0.0000,520.0000,522
WP000612,152576PS,260.0000,1,,0.0000,260.0000,522
WP000611,157082,190.0000,1,,0.0000,190.0000,
WP000610,157082,190.0000,1,,0.0000,190.0000,
WP000609,155673,105.0000,1,,0.0000,105.0000,477
WP000609,154606,60.0000,1,,0.0000,60.0000,467
WP000609,141720,52.5000,1,,0.0000,52.5000,
WP000608,153261,80.0000,1,,0.0000,80.0000,464
WP000608,141001,180.0000,1,,0.0000,180.0000,478
WP000607,153261,80.0000,1,,0.0000,80.0000,464
WP000607,141001,180.0000,1,,0.0000,180.0000,478
WP000606,141001,180.0000,2,,0.0000,360.0000,478
WP000606,155959,43.5000,1,,0.0000,43.5000,
WP000606,153261,80.0000,1,,0.0000,80.0000,464
WP000606,154606,60.0000,1,,0.0000,60.0000,467
WP000606,104844,27.0000,1,,0.0000,27.0000,
WP000605,153576,144.0000,1,,0.0000,144.0000,469
WP000604,157320,300.0000,8,0.0000,0.0000,"2,400.0000",476
WP000604,157320PS,0.0000,1,0.0000,0.0000,0.0000,
WP000603,154682,35.0000,1,,0.0000,35.0000,493
WP000602,152576PS,260.0000,1,,0.0000,260.0000,522
WP000601,153576PS,0.0000,10,,0.0000,0.0000,469
WP000601,153576,144.0000,20,,0.0000,"2,880.0000",469
WP000600,153576,144.0000,12,,0.0000,"1,728.0000",469
WP000600,153576PS,0.0000,6,,0.0000,0.0000,469
WP000599,152575,273.0000,4,,0.0000,"1,092.0000",522
WP000598,152575,273.0000,3,,0.0000,819.0000,522
WP000597,152574,130.0000,2,,0.0000,260.0000,522
WP000597,152575,273.0000,1,,0.0000,273.0000,522
WP000596,153576,144.0000,2,,0.0000,288.0000,469
WP000596,153576PS,0.0000,1,,0.0000,0.0000,469
WP000595,153576,144.0000,2,,0.0000,288.0000,469
WP000595,153576PS,0.0000,1,,0.0000,0.0000,469
WP000594,152576,130.0000,1,,0.0000,130.0000,522
WP000593,153576PS,0.0000,1,,0.0000,0.0000,469
WP000593,153576,144.0000,2,,0.0000,288.0000,469
WP000592,153576PS,0.0000,2,,0.0000,0.0000,469
WP000592,153576,144.0000,4,,0.0000,576.0000,469
WP000591,153576,144.0000,10,,0.0000,"1,440.0000",469
WP000591,153576PS,0.0000,5,,0.0000,0.0000,469
WP000590,153576,144.0000,4,,0.0000,576.0000,469
WP000590,153576PS,0.0000,2,,0.0000,0.0000,469
WP000589,152575,273.0000,1,,0.0000,273.0000,522
WP000588,152574PS,520.0000,1,,0.0000,520.0000,522
WP000587,157208,600.0000,2,,0.0000,"1,200.0000",476
WP000586,152574,130.0000,1,,0.0000,130.0000,522
WP000586,152576,130.0000,1,,0.0000,130.0000,522
WP000585,152574PS,520.0000,1,,0.0000,520.0000,522
WP000584,153576,144.0000,2,,0.0000,288.0000,469
WP000584,153576PS,0.0000,1,,0.0000,0.0000,469
WP000583,153576,144.0000,4,,0.0000,576.0000,469
WP000583,153576PS,0.0000,2,,0.0000,0.0000,469
WP000582,153576,144.0000,4,,0.0000,576.0000,469
WP000582,153576PS,0.0000,2,,0.0000,0.0000,469
WP000581,152574PS,520.0000,1,,0.0000,520.0000,522
WP000580,157208,600.0000,1,,0.0000,600.0000,476
WP000579,152576PS,260.0000,1,,0.0000,260.0000,522
WP000578,157208,600.0000,1,,0.0000,600.0000,476
WP000577,152576PS,260.0000,1,,0.0000,260.0000,522
WP000576,152576PS,260.0000,1,,0.0000,260.0000,522
WP000575,153576PS,0.0000,7,,0.0000,0.0000,469
WP000575,153576,144.0000,14,,0.0000,"2,016.0000",469
WP000574,157320,300.0000,1,,0.0000,300.0000,476
WP000573,153576PS,0.0000,2,,0.0000,0.0000,469
WP000573,153576,144.0000,4,,0.0000,576.0000,469
WP000572,152576PS,260.0000,1,,0.0000,260.0000,522
WP000569,151932,199.0000,1,,0.0000,199.0000,478
WP000569,156168,60.0000,3,,0.0000,180.0000,467
WP000566,152574PS,520.0000,1,,0.0000,520.0000,522
WP000565,157320,300.0000,1,,0.0000,300.0000,476
WP000554,157208,600.0000,1,,0.0000,600.0000,476
WP000553,153576PS,0.0000,1,,0.0000,0.0000,469
WP000553,153576,144.0000,2,,0.0000,288.0000,469
WP000552,157208,600.0000,3,,0.0000,"1,800.0000",476
WP000550,152576PS,260.0000,1,,0.0000,260.0000,522
WP000549,153576,144.0000,1,,0.0000,144.0000,469
WP000548,152576PS,260.0000,1,,0.0000,260.0000,522
WP000547,153576PS,0.0000,1,,0.0000,0.0000,469
WP000547,153576,144.0000,2,,0.0000,288.0000,469
WP000545,153576,144.0000,2,,0.0000,288.0000,469
WP000545,153576PS,0.0000,1,,0.0000,0.0000,469
WP000544,153576,144.0000,2,,0.0000,288.0000,469
WP000544,153576PS,0.0000,1,,0.0000,0.0000,469
WP000543,153576,144.0000,2,,0.0000,288.0000,469
WP000543,153576PS,0.0000,1,,0.0000,0.0000,469
WP000542,153576,144.0000,8,,0.0000,"1,152.0000",469
WP000542,153576PS,0.0000,4,,0.0000,0.0000,469
WP000541,153576,144.0000,3,,0.0000,432.0000,469
WP000541,153576PS,0.0000,1,,0.0000,0.0000,469
WP000539,153576,144.0000,10,,0.0000,"1,440.0000",469
WP000539,153576PS,0.0000,5,,0.0000,0.0000,469
WP000538,157320,300.0000,1,,0.0000,300.0000,476
WP000535,153576PS,0.0000,1,,0.0000,0.0000,469
WP000535,153576,144.0000,2,,0.0000,288.0000,469
WP000533,141001,165.0000,2,,0.0000,330.0000,478
WP000532,153576,144.0000,2,,0.0000,288.0000,469
WP000532,153576PS,0.0000,1,,0.0000,0.0000,469
WP000532,153576PS,0.0000,1,,0.0000,0.0000,469
WP000531,152576PS,260.0000,1,,0.0000,260.0000,522
WP000530,153576PS,0.0000,2,,0.0000,0.0000,469
WP000530,153576,144.0000,4,,0.0000,576.0000,469
WP000529,153576PS,0.0000,1,,0.0000,0.0000,469
WP000529,153576,144.0000,2,,0.0000,288.0000,469
WP000528,153576PS,0.0000,1,,0.0000,0.0000,469
WP000528,153576,144.0000,2,,0.0000,288.0000,469
WP000527,153576PS,0.0000,1,,0.0000,0.0000,469
WP000527,153576,144.0000,2,,0.0000,288.0000,469
WP000526,152576PS,260.0000,1,,0.0000,260.0000,522
WP000525,153576PS,0.0000,5,,0.0000,0.0000,469
WP000525,153576,144.0000,10,,0.0000,"1,440.0000",469
WP000524,155823,761.2000,1,,0.0000,761.2000,474
WP000523,157320,300.0000,1,,0.0000,300.0000,476
WP000521,153576PS,0.0000,1,,0.0000,0.0000,469
WP000521,153576,144.0000,2,,0.0000,288.0000,469
WP000520,157320,300.0000,1,,0.0000,300.0000,476
WP000519,153576,144.0000,3,,0.0000,432.0000,469
WP000519,153576PS,0.0000,1,,0.0000,0.0000,469
WP000517,153576,144.0000,2,,0.0000,288.0000,469
WP000517,153576PS,0.0000,1,,0.0000,0.0000,469
WP000516,153576,144.0000,3,,0.0000,432.0000,469
WP000516,153576PS,0.0000,1,,0.0000,0.0000,469
WP000515,157320,300.0000,8,0.0000,0.0000,"2,400.0000",476
WP000515,157320PS,0.0000,1,0.0000,0.0000,0.0000,
WP000514,153576,144.0000,2,,0.0000,288.0000,469
WP000514,153576PS,0.0000,1,,0.0000,0.0000,469
WP000511,153576,144.0000,10,,0.0000,"1,440.0000",469
WP000511,140504BX,"1,240.0000",1,,0.0000,"1,240.0000",475
WP000511,153576PS,0.0000,5,,0.0000,0.0000,469
WP000510,157320,300.0000,1,,0.0000,300.0000,476
WP000509,157320,300.0000,1,,0.0000,300.0000,476
WP000508,157320,300.0000,1,,0.0000,300.0000,476
WP000507,156217,155.0000,100,15.0000,"2,325.0000","15,500.0000",494
WP000506,153576PS,0.0000,2,,0.0000,0.0000,469
WP000506,153576,144.0000,4,,0.0000,576.0000,469
WP000505,153576PS,0.0000,1,,0.0000,0.0000,469
WP000505,153576,144.0000,2,,0.0000,288.0000,469
WP000504,153576PS,0.0000,2,,0.0000,0.0000,469
WP000504,153576,144.0000,4,,0.0000,576.0000,469
WP000503,153261PS,0.0000,1,,0.0000,0.0000,464
WP000502,156263,30.0000,1,,0.0000,30.0000,569
WP000501,153261PS,0.0000,1,,0.0000,0.0000,464
WP000500,141001,165.0000,1,,0.0000,165.0000,478
WP000499,153576PS,0.0000,1,,0.0000,0.0000,469
WP000499,153576,144.0000,2,,0.0000,288.0000,469
WP000498,157320,300.0000,1,,0.0000,300.0000,476
WP000497,156717,595.0000,1,35.0000,208.2500,595.0000,
WP000497,156733,795.0000,1,35.0000,278.2500,795.0000,
WP000496,157320,300.0000,1,,0.0000,300.0000,476
WP000495,157320,300.0000,1,,0.0000,300.0000,476
WP000494,157320,300.0000,1,,0.0000,300.0000,476
WP000493,155823,761.2000,2,,0.0000,"1,522.4000",474
WP000492,153576,144.0000,2,,0.0000,288.0000,469
WP000492,153576PS,0.0000,1,,0.0000,0.0000,469
WP000490,157320,300.0000,1,,0.0000,300.0000,476
WP000489,152575,273.0000,2,,0.0000,546.0000,522
WP000488,157320,300.0000,1,,0.0000,300.0000,476
WP000487,152576PS,260.0000,1,,0.0000,260.0000,522
WP000486,153576,144.0000,6,,0.0000,864.0000,469
WP000486,153576PS,0.0000,3,,0.0000,0.0000,469
WP000485,157208,600.0000,1,,0.0000,600.0000,476
WP000484,157320,300.0000,1,,0.0000,300.0000,476
WP000483,157208,600.0000,1,,0.0000,600.0000,476
WP000482,155823,761.2000,1,,0.0000,761.2000,474
WP000481,153576PS,0.0000,1,,0.0000,0.0000,469
WP000481,153576,144.0000,2,,0.0000,288.0000,469
WP000480,157320,300.0000,1,,0.0000,300.0000,476
WP000479,155823,761.2000,1,,0.0000,761.2000,474
WP000478,155823,761.2000,1,,0.0000,761.2000,474
WP000477,153576PS,0.0000,1,,0.0000,0.0000,469
WP000477,153576,144.0000,2,,0.0000,288.0000,469
WP000476,153576PS,0.0000,1,,0.0000,0.0000,469
WP000476,153576,144.0000,2,,0.0000,288.0000,469
WP000475,157320,300.0000,1,,0.0000,300.0000,476
WP000474,153576,144.0000,2,,0.0000,288.0000,469
WP000474,153576PS,0.0000,1,,0.0000,0.0000,469
WP000473,152228,17.0000,1,,0.0000,17.0000,584
WP000472,153576PS,0.0000,1,,0.0000,0.0000,469
WP000472,153576,144.0000,2,,0.0000,288.0000,469
WP000471,153576PS,0.0000,2,,0.0000,0.0000,469
WP000471,153576,144.0000,2,,0.0000,288.0000,469
WP000470,157208,600.0000,1,,0.0000,600.0000,476
WP000469,153576,144.0000,2,,0.0000,288.0000,469
WP000469,153576PS,0.0000,1,,0.0000,0.0000,469
WP000468,153576PS,0.0000,1,,0.0000,0.0000,469
WP000468,153576,144.0000,2,,0.0000,288.0000,469
WP000467,155823,761.2000,1,,0.0000,761.2000,474
WP000466,155823,761.2000,1,,0.0000,761.2000,474
WP000465,157320PS,0.0000,1,0.0000,0.0000,0.0000,
WP000465,157320,300.0000,8,0.0000,0.0000,"2,400.0000",476
WP000464,155823,761.2000,1,,0.0000,761.2000,474
WP000463,153576PS,0.0000,5,,0.0000,0.0000,469
WP000463,153576,144.0000,10,,0.0000,"1,440.0000",469
WP000462,153576PS,0.0000,1,,0.0000,0.0000,469
WP000462,153576,144.0000,2,,0.0000,288.0000,469
WP000461,153576PS,0.0000,5,,0.0000,0.0000,469
WP000461,153576,144.0000,10,,0.0000,"1,440.0000",469
WP000460,153576PS,0.0000,2,,0.0000,0.0000,469
WP000460,153576,144.0000,4,,0.0000,576.0000,469
WP000459,155823,761.2000,1,,0.0000,761.2000,474
WP000458,156747,745.0000,1,35.0000,260.7500,745.0000,
WP000458,152365,236.0000,1,35.0000,0.0000,236.0000,472
WP000458,140310,385.0000,1,35.0000,0.0000,385.0000,479
WP000456,153576PS,0.0000,3,,0.0000,0.0000,469
WP000456,153576,144.0000,6,,0.0000,864.0000,469
WP000454,153576PS,0.0000,1,,0.0000,0.0000,469
WP000454,153576,144.0000,2,,0.0000,288.0000,469
WP000453,155823,761.2000,1,,0.0000,761.2000,474
WP000452,155823,761.2000,1,,0.0000,761.2000,474
WP000451,153576,144.0000,2,,0.0000,288.0000,469
WP000451,153576PS,0.0000,1,,0.0000,0.0000,469
WP000450,152576PS,260.0000,1,,0.0000,260.0000,522
WP000449,153576PS,0.0000,1,,0.0000,0.0000,469
WP000449,153576,144.0000,2,,0.0000,288.0000,469
WP000448,155823,761.2000,1,,0.0000,761.2000,474
WP000447,155823,761.2000,1,,0.0000,761.2000,474
WP000446,155823PS,0.0000,1,,0.0000,0.0000,
WP000446,155823,761.2000,1,,0.0000,761.2000,474
WP000445,153576PS,0.0000,2,,0.0000,0.0000,469
WP000445,153576,144.0000,4,,0.0000,576.0000,469
WP000444,153576PS,0.0000,2,,0.0000,0.0000,469
WP000444,153576,144.0000,4,,0.0000,576.0000,469
WP000443,153576PS,0.0000,3,,0.0000,0.0000,469
WP000443,153576,144.0000,6,,0.0000,864.0000,469
WP000442,153576PS,0.0000,7,,0.0000,0.0000,469
WP000442,153576,144.0000,14,,0.0000,"2,016.0000",469
WP000441,157208,600.0000,1,,0.0000,600.0000,476
WP000440,153576PS,0.0000,5,,0.0000,0.0000,469
WP000440,153576,144.0000,10,,0.0000,"1,440.0000",469
WP000439,153576PS,0.0000,2,,0.0000,0.0000,469
WP000439,153576,144.0000,4,,0.0000,576.0000,469
WP000438,155823,761.2000,2,,0.0000,"1,522.4000",474
WP000437,153576PS,0.0000,3,,0.0000,0.0000,469
WP000437,153576,144.0000,6,,0.0000,864.0000,469
WP000436,157208,600.0000,1,,0.0000,600.0000,476
WP000435,157208,600.0000,1,,0.0000,600.0000,476
WP000433,157208,600.0000,1,,0.0000,600.0000,476
WP000432,155823,761.2000,1,,0.0000,761.2000,474
WP000431,140520,241.5000,2,,0.0000,483.0000,484
WP000431,153576,144.0000,2,,0.0000,288.0000,469
WP000431,153576PS,0.0000,1,,0.0000,0.0000,469
WP000430,152574,130.0000,4,,0.0000,520.0000,522
WP000429,153576PS,0.0000,1,,0.0000,0.0000,469
WP000429,153576,144.0000,2,,0.0000,288.0000,469
WP000428,155823,761.2000,1,,0.0000,761.2000,474
WP000426,155821,418.9500,1,,0.0000,418.9500,474
WP000425,152574,130.0000,2,,0.0000,260.0000,522
WP000424,155823,761.2000,1,,0.0000,761.2000,474
WP000423,153576PS,0.0000,1,,0.0000,0.0000,469
WP000423,153576,144.0000,2,,0.0000,288.0000,469
WP000423,140520,241.5000,2,,0.0000,483.0000,484
WP000423,141691,199.0000,1,,0.0000,199.0000,470
WP000422,153576,144.0000,6,,0.0000,864.0000,469
WP000422,153576PS,0.0000,3,,0.0000,0.0000,469
WP000421,153576,144.0000,6,,0.0000,864.0000,469
WP000421,153576PS,0.0000,3,,0.0000,0.0000,469
WP000420,155959,43.5000,2,,0.0000,87.0000,
WP000420,156168,60.0000,3,,0.0000,180.0000,467
WP000419,153576,144.0000,4,,0.0000,576.0000,469
WP000419,153576PS,0.0000,2,,0.0000,0.0000,469
WP000418,156747,745.0000,1,,0.0000,745.0000,
WP000417,153576PS,0.0000,1,,0.0000,0.0000,469
WP000417,153576,144.0000,2,,0.0000,288.0000,469
WP000416,156168,60.0000,3,,0.0000,180.0000,467
WP000416,153261,80.0000,2,,0.0000,160.0000,464
WP000415,155823,761.2000,1,,0.0000,761.2000,474
WP000414,153576,144.0000,2,,0.0000,288.0000,469
WP000414,153576PS,0.0000,1,,0.0000,0.0000,469
WP000412,153576,144.0000,2,,0.0000,288.0000,469
WP000412,153576PS,0.0000,1,,0.0000,0.0000,469
WP000411,153576,144.0000,2,,0.0000,288.0000,469
WP000411,153576PS,0.0000,1,,0.0000,0.0000,469
WP000410,157208,600.0000,1,,0.0000,600.0000,476
WP000409,153576,144.0000,2,,0.0000,288.0000,469
WP000409,153576PS,0.0000,1,,0.0000,0.0000,469
WP000408,152574,130.0000,1,,0.0000,130.0000,522
WP000408,152576,130.0000,1,,0.0000,130.0000,522
WP000407,153576,144.0000,2,,0.0000,288.0000,469
WP000407,153576PS,0.0000,1,,0.0000,0.0000,469
WP000406,153576,144.0000,4,,0.0000,576.0000,469
WP000406,153576PS,0.0000,2,,0.0000,0.0000,469
WP000405,153576,144.0000,20,,0.0000,"2,880.0000",469
WP000405,153576PS,0.0000,10,,0.0000,0.0000,469
WP000404,153576PS,0.0000,4,,0.0000,0.0000,469
WP000404,153576,144.0000,8,,0.0000,"1,152.0000",469
WP000403,156439,750.0000,2,,0.0000,"1,500.0000",594
WP000403,152517,130.0000,1,,0.0000,130.0000,
WP000403,141326,90.0000,1,,0.0000,90.0000,
WP000402,155821,418.9500,1,,0.0000,418.9500,474
WP000401,157208,600.0000,2,,0.0000,"1,200.0000",476
WP000400,155821,418.9500,1,,0.0000,418.9500,474
WP000400,155821,418.9500,3,,0.0000,"1,256.8500",474
WP000399,153576PS,0.0000,1,,0.0000,0.0000,469
WP000399,153576,144.0000,2,,0.0000,288.0000,469
WP000398,153576PS,0.0000,1,,0.0000,0.0000,469
WP000398,153576,144.0000,3,,0.0000,432.0000,469
WP000397,156217,155.0000,10,15.0000,232.5000,"1,550.0000",494
WP000396,152575,273.0000,2,,0.0000,546.0000,522
WP000395,153576,144.0000,3,,0.0000,432.0000,469
WP000394,153576,144.0000,2,,0.0000,288.0000,469
WP000393,153576,144.0000,5,,0.0000,720.0000,469
WP000392,156727,795.0000,1,35.0000,278.2500,795.0000,
WP000391,153576,144.0000,4,,0.0000,576.0000,469
WP000390,157208,600.0000,1,,0.0000,600.0000,476
WP000389,155823,761.2000,1,35.0000,0.0000,761.2000,474
WP000389,156731,795.0000,1,35.0000,278.2500,795.0000,
WP000389,155823PS,0.0000,1,35.0000,0.0000,0.0000,
WP000388,155823,761.2000,1,,0.0000,761.2000,474
WP000387,157208,600.0000,1,,0.0000,600.0000,476
WP000386,155821,418.9500,1,,0.0000,418.9500,474
WP000385,157208,600.0000,2,,0.0000,"1,200.0000",476
WP000384,153576,144.0000,1,,0.0000,144.0000,469
WP000383,153576,144.0000,15,,0.0000,"2,160.0000",469
WP000382,152576PS,260.0000,1,,0.0000,260.0000,522
WP000381,156421BX,"1,200.0000",1,,0.0000,"1,200.0000",468
WP000381,156421PS,0.0000,2,,0.0000,0.0000,468
WP000380,157208,600.0000,1,,0.0000,600.0000,476
WP000379,157208,600.0000,1,,0.0000,600.0000,476
WP000378,153576,144.0000,3,,0.0000,432.0000,469
WP000377,156420,600.0000,1,,0.0000,600.0000,468
WP000377,156420PS,0.0000,1,,0.0000,0.0000,468
WP000376,153576,144.0000,5,,0.0000,720.0000,469
WP000375,152576PS,260.0000,1,,0.0000,260.0000,522
WP000374,153576,144.0000,2,,0.0000,288.0000,469
WP000373,153576,144.0000,15,,0.0000,"2,160.0000",469
WP000372,153576,144.0000,3,,0.0000,432.0000,469
WP000371,154915,132.5000,1,,0.0000,132.5000,500
WP000371,156421,600.0000,1,,0.0000,600.0000,468
WP000371,156421PS,0.0000,1,,0.0000,0.0000,468
WP000370,153576,144.0000,2,,0.0000,288.0000,469
WP000369,153576,144.0000,2,,0.0000,288.0000,469
WP000368,153576,144.0000,20,,0.0000,"2,880.0000",469
WP000367,153576,144.0000,2,,0.0000,288.0000,469
WP000366,152576PS,260.0000,1,,0.0000,260.0000,522
WP000365,153576,144.0000,10,,0.0000,"1,440.0000",469
WP000364,153576,144.0000,10,,0.0000,"1,440.0000",469
WP000364,155821,418.9500,1,,0.0000,418.9500,474
WP000363,152576PS,260.0000,1,,0.0000,260.0000,522
WP000362,152576PS,260.0000,1,,0.0000,260.0000,522
WP000362,141172,179.7500,1,,0.0000,179.7500,
WP000362,156162,75.0000,1,,0.0000,75.0000,
WP000362,140521,354.9000,1,,0.0000,354.9000,484
WP000361,153576,144.0000,5,,0.0000,720.0000,469
WP000360,156420PS,0.0000,1,,0.0000,0.0000,468
WP000360,156420,600.0000,1,,0.0000,600.0000,468
WP000359,156421,600.0000,1,,0.0000,600.0000,468
WP000359,156421PS,0.0000,1,,0.0000,0.0000,468
WP000358,152576,130.0000,1,,0.0000,130.0000,522
WP000357,157320,300.0000,1,,0.0000,300.0000,476
WP000356,157320,300.0000,1,,0.0000,300.0000,476
WP000355,140521,354.9000,1,,0.0000,354.9000,484
WP000355,152576PS,260.0000,1,,0.0000,260.0000,522
WP000355,141172,179.7500,1,,0.0000,179.7500,
WP000355,156162,75.0000,1,,0.0000,75.0000,
WP000354,157208,600.0000,1,,0.0000,600.0000,476
WP000352,157320,300.0000,1,,0.0000,300.0000,476
WP000352,157208,600.0000,1,,0.0000,600.0000,476
WP000351,157320,300.0000,1,,0.0000,300.0000,476
WP000350,157320,300.0000,1,,0.0000,300.0000,476
WP000349,157320,300.0000,1,,0.0000,300.0000,476
WP000348,153576,144.0000,8,,0.0000,"1,152.0000",469
WP000347,157320,300.0000,1,,0.0000,300.0000,476
WP000346,157320,300.0000,1,,0.0000,300.0000,476
WP000345,157320,300.0000,1,,0.0000,300.0000,476
WP000344,157320,300.0000,1,,0.0000,300.0000,476
WP000343,157320,300.0000,1,,0.0000,300.0000,476
WP000342,153576,144.0000,4,,0.0000,576.0000,469
WP000341,153576,144.0000,14,,0.0000,"2,016.0000",469
WP000340,153576,144.0000,4,,0.0000,576.0000,469
WP000339,157320,300.0000,1,,0.0000,300.0000,476
WP000338,156420,600.0000,1,,0.0000,600.0000,468
WP000338,156421,600.0000,1,,0.0000,600.0000,468
WP000338,156420PS,0.0000,1,,0.0000,0.0000,468
WP000338,156421PS,0.0000,1,,0.0000,0.0000,468
WP000337,153576,144.0000,2,,0.0000,288.0000,469
WP000336,153576,144.0000,10,,0.0000,"1,440.0000",469
WP000335,157320,300.0000,2,,0.0000,600.0000,476
WP000334,153576,144.0000,5,,0.0000,720.0000,469
WP000333,153576,144.0000,5,,0.0000,720.0000,469
WP000332,157208,600.0000,1,,0.0000,600.0000,476
WP000331,152575,273.0000,4,,0.0000,"1,092.0000",522
WP000330,153576,144.0000,14,,0.0000,"2,016.0000",469
WP000329,153576,144.0000,4,,0.0000,576.0000,469
WP000327,157208,600.0000,1,,0.0000,600.0000,476
WP000326,153576,144.0000,5,,0.0000,720.0000,469
WP000325,153576,144.0000,10,,0.0000,"1,440.0000",469
WP000324,157320,300.0000,8,0.0000,0.0000,"2,400.0000",476
WP000324,157320PS,0.0000,1,0.0000,0.0000,0.0000,
WP000322,157320,300.0000,2,,0.0000,600.0000,476
WP000320,157320,300.0000,1,,0.0000,300.0000,476
WP000319,157320,300.0000,2,,0.0000,600.0000,476
WP000318,153576,144.0000,5,,0.0000,720.0000,469
WP000317,153576,144.0000,1,,0.0000,144.0000,469
WP000316,157320,300.0000,1,,0.0000,300.0000,476
WP000315,157320,300.0000,1,,0.0000,300.0000,476
WP000314,152576PS,260.0000,1,,0.0000,260.0000,522
WP000312,152575,273.0000,4,,0.0000,"1,092.0000",522
WP000311,153576,144.0000,2,,0.0000,288.0000,469
WP000310,157320,300.0000,1,,0.0000,300.0000,476
WP000309,153576,144.0000,4,,0.0000,576.0000,469
WP000308,157208,600.0000,1,,0.0000,600.0000,476
WP000308,140503,125.0000,1,,0.0000,125.0000,555
WP000307,157208,600.0000,1,,0.0000,600.0000,476
WP000306,157208,600.0000,1,,0.0000,600.0000,476
WP000305,156209,308.0000,4,15.0000,184.8000,"1,232.0000",494
WP000304,153576,144.0000,2,,0.0000,288.0000,469
WP000303,152576PS,260.0000,1,,0.0000,260.0000,522
WP000303,152575,273.0000,1,,0.0000,273.0000,522
WP000302,153576,144.0000,3,,0.0000,432.0000,469
WP000301,153576,144.0000,1,,0.0000,144.0000,469
WP000301,153576,144.0000,1,,0.0000,144.0000,469
WP000300,157320,300.0000,1,,0.0000,300.0000,476
WP000299,153576,144.0000,6,,0.0000,864.0000,469
WP000298,157320,300.0000,1,,0.0000,300.0000,476
WP000297,153576,144.0000,3,,0.0000,432.0000,469
WP000296,153576,144.0000,2,,0.0000,288.0000,469
WP000294,157320,300.0000,2,,0.0000,600.0000,476
WP000293,157320,300.0000,1,,0.0000,300.0000,476
WP000292,153576,144.0000,10,,0.0000,"1,440.0000",469
WP000291,153576,144.0000,10,,0.0000,"1,440.0000",469
WP000290,152576PS,260.0000,2,,0.0000,520.0000,522
WP000289,152576PS,260.0000,1,,0.0000,260.0000,522
WP000288,157320,300.0000,1,,0.0000,300.0000,476
WP000287,157320,300.0000,1,,0.0000,300.0000,476
WP000286,157320,300.0000,1,,0.0000,300.0000,476
WP000285,153576,144.0000,1,,0.0000,144.0000,469
WP000284,153576,144.0000,10,,0.0000,"1,440.0000",469
WP000283,157208,600.0000,1,,0.0000,600.0000,476
WP000282,157320,300.0000,1,,0.0000,300.0000,476
WP000281,153576,144.0000,2,,0.0000,288.0000,469
WP000280,157320,300.0000,1,,0.0000,300.0000,476
WP000279,120485,60.7500,1,,0.0000,60.7500,555
WP000279,157320,300.0000,1,,0.0000,300.0000,476
WP000278,120485,60.7500,1,,0.0000,60.7500,555
WP000278,157320,300.0000,1,,0.0000,300.0000,476
WP000277,120485,60.7500,1,,0.0000,60.7500,555
WP000277,157320,300.0000,1,,0.0000,300.0000,476
WP000276,153576,144.0000,6,,0.0000,864.0000,469
WP000275,157208,600.0000,1,,0.0000,600.0000,476
WP000274,153576,144.0000,10,,0.0000,"1,440.0000",469
WP000273,153576,144.0000,1,,0.0000,144.0000,469
WP000272,157208,600.0000,1,,0.0000,600.0000,476
WP000271,153576,144.0000,10,,0.0000,"1,440.0000",469
WP000270,157320,300.0000,1,,0.0000,300.0000,476
WP000269,152576PS,260.0000,1,,0.0000,260.0000,522
WP000268,152576PS,260.0000,1,,0.0000,260.0000,522
WP000267,157320,300.0000,1,,0.0000,300.0000,476
WP000266,153576,144.0000,4,,0.0000,576.0000,469
WP000265,157320,300.0000,1,,0.0000,300.0000,476
WP000264,157320,300.0000,1,,0.0000,300.0000,476
WP000263,152575,273.0000,1,,0.0000,273.0000,522
WP000262,152576PS,260.0000,1,,0.0000,260.0000,522
WP000261,157208,600.0000,1,,0.0000,600.0000,476
WP000260,152576PS,260.0000,2,,0.0000,520.0000,522
WP000259,152576PS,260.0000,1,,0.0000,260.0000,522
WP000258,152576PS,260.0000,1,,0.0000,260.0000,522
WP000257,153576,144.0000,13,,0.0000,"1,872.0000",469
WP000256,152576PS,260.0000,1,,0.0000,260.0000,522
WP000255,157320,300.0000,1,,0.0000,300.0000,476
WP000254,157320,300.0000,1,,0.0000,300.0000,476
WP000253,157320,300.0000,1,,0.0000,300.0000,476
WP000252,157320,300.0000,1,,0.0000,300.0000,476
WP000251,157208,600.0000,1,,0.0000,600.0000,476
WP000250,153576,144.0000,3,,0.0000,432.0000,469
WP000249,157320,300.0000,1,,0.0000,300.0000,476
WP000248,152576PS,260.0000,2,,0.0000,520.0000,522
WP000248,152575,273.0000,1,,0.0000,273.0000,522
WP000247,157320,300.0000,1,,0.0000,300.0000,476
WP000246,157208,600.0000,2,,0.0000,"1,200.0000",476
WP000245,157320,300.0000,1,,0.0000,300.0000,476
WP000244,157320,300.0000,1,,0.0000,300.0000,476
WP000243,157208,600.0000,1,,0.0000,600.0000,476
WP000242,157320,300.0000,1,,0.0000,300.0000,476
WP000241,157208,600.0000,2,,0.0000,"1,200.0000",476
WP000240,157320,300.0000,1,,0.0000,300.0000,476
WP000239,153576,144.0000,12,,0.0000,"1,728.0000",469
WP000238,153576,144.0000,3,,0.0000,432.0000,469
WP000238,153554,30.0000,4,,0.0000,120.0000,487
WP000237,157320,300.0000,2,,0.0000,600.0000,476
WP000236,157320,300.0000,1,,0.0000,300.0000,476
WP000235,153576,144.0000,7,,0.0000,"1,008.0000",469
WP000234,157208,600.0000,1,,0.0000,600.0000,476
WP000233,157208,600.0000,1,,0.0000,600.0000,476
WP000232,157320,300.0000,1,,0.0000,300.0000,476
WP000231,157320,300.0000,1,,0.0000,300.0000,476
WP000230,157208,600.0000,2,,0.0000,"1,200.0000",476
WP000229,152734,136.5000,1,,0.0000,136.5000,593
WP000229,157320,300.0000,1,,0.0000,300.0000,476
WP000229,151975,78.5000,1,,0.0000,78.5000,536
WP000228,157320,300.0000,1,,0.0000,300.0000,476
WP000227,157320,300.0000,1,,0.0000,300.0000,476
WP000226,152576PS,260.0000,1,,0.0000,260.0000,522
WP000225,157320,300.0000,1,,0.0000,300.0000,476
WP000224,152576PS,260.0000,1,,0.0000,260.0000,522
WP000223,157320,300.0000,1,,0.0000,300.0000,476
WP000222,157320,300.0000,1,,0.0000,300.0000,476
WP000221,157320,300.0000,1,,0.0000,300.0000,476
WP000220,157320,300.0000,1,,0.0000,300.0000,476
WP000219,157320,300.0000,1,,0.0000,300.0000,476
WP000218,152576PS,260.0000,1,,0.0000,260.0000,522
WP000217,157320,300.0000,1,,0.0000,300.0000,476
WP000216,152576PS,260.0000,1,,0.0000,260.0000,522
WP000215,157320,300.0000,2,,0.0000,600.0000,476
WP000214,157320,300.0000,1,,0.0000,300.0000,476
WP000213,157208,600.0000,1,,0.0000,600.0000,476
WP000212,155823PS,0.0000,1,,0.0000,0.0000,
WP000212,157320,300.0000,1,,0.0000,300.0000,476
WP000212,155823,761.2000,1,,0.0000,761.2000,474
WP000212,157208,600.0000,1,,0.0000,600.0000,476
WP000211,157320,300.0000,1,,0.0000,300.0000,476
WP000210,153576,144.0000,3,,0.0000,432.0000,469
WP000209,157208,600.0000,1,,0.0000,600.0000,476
WP000208,153576,144.0000,3,,0.0000,432.0000,469
WP000207,157208,600.0000,1,,0.0000,600.0000,476
WP000206,157320,300.0000,1,,0.0000,300.0000,476
WP000205,157320,300.0000,1,,0.0000,300.0000,476
WP000203,157208,600.0000,1,,0.0000,600.0000,476
WP000202,157208,600.0000,1,,0.0000,600.0000,476
WP000201,157208,600.0000,1,,0.0000,600.0000,476
WP000200,157208,600.0000,1,,0.0000,600.0000,476
WP000199,157208,600.0000,1,,0.0000,600.0000,476
WP000198,157208,600.0000,1,,0.0000,600.0000,476
WP000197,157208,600.0000,1,,0.0000,600.0000,476
WP000196,157208,600.0000,1,,0.0000,600.0000,476
WP000195,157208,600.0000,1,,0.0000,600.0000,476
WP000194,157208,600.0000,1,,0.0000,600.0000,476
WP000193,157320,300.0000,1,,0.0000,300.0000,476
WP000192,140503,125.0000,1,,0.0000,125.0000,555
WP000192,157320,300.0000,1,,0.0000,300.0000,476
WP000191,157320,300.0000,1,,0.0000,300.0000,476
WP000191,120485,60.7500,1,,0.0000,60.7500,555
WP000189,153576,144.0000,4,,0.0000,576.0000,469
WP000188,153576,144.0000,4,,0.0000,576.0000,469
WP000187,157320,300.0000,1,,0.0000,300.0000,476
WP000186,157320,300.0000,1,,0.0000,300.0000,476
WP000185,157320,300.0000,2,,0.0000,600.0000,476
WP000184,157320,300.0000,1,,0.0000,300.0000,476
WP000183,157320,300.0000,1,,0.0000,300.0000,476
WP000182,157320,300.0000,1,,0.0000,300.0000,476
WP000181,157320,300.0000,1,,0.0000,300.0000,476
WP000180,157320,300.0000,1,,0.0000,300.0000,476
WP000179,157320,300.0000,1,,0.0000,300.0000,476
WP000178,157320,300.0000,2,,0.0000,600.0000,476
WP000177,157320,300.0000,1,,0.0000,300.0000,476
WP000176,157320,300.0000,1,,0.0000,300.0000,476
WP000176,152662,126.0000,1,,0.0000,126.0000,489
WP000175,157320,300.0000,2,,0.0000,600.0000,476
WP000174,157320,300.0000,1,,0.0000,300.0000,476
WP000173,157320,300.0000,2,,0.0000,600.0000,476
WP000172,157320,300.0000,2,,0.0000,600.0000,476
WP000171,157320,300.0000,1,,0.0000,300.0000,476
WP000170,157320,300.0000,1,,0.0000,300.0000,476
WP000169,157320,300.0000,1,,0.0000,300.0000,476
WP000168,157320,300.0000,1,,0.0000,300.0000,476
WP000167,157320,300.0000,1,,0.0000,300.0000,476
WP000166,157320,300.0000,1,,0.0000,300.0000,476
WP000165,157320,300.0000,1,,0.0000,300.0000,476
WP000164,157320,300.0000,2,,0.0000,600.0000,476
WP000163,157320,300.0000,1,,0.0000,300.0000,476
WP000162,157320,300.0000,1,,0.0000,300.0000,476
WP000161,157320,300.0000,2,,0.0000,600.0000,476
WP000160,157320,300.0000,1,,0.0000,300.0000,476
WP000159,157320,300.0000,1,,0.0000,300.0000,476
WP000158,157320,300.0000,1,,0.0000,300.0000,476
WP000157,157320,300.0000,3,,0.0000,900.0000,476
WP000156,157320,300.0000,1,,0.0000,300.0000,476
WP000155,157320,300.0000,1,,0.0000,300.0000,476
WP000154,157320,300.0000,1,,0.0000,300.0000,476
WP000153,157320,300.0000,1,,0.0000,300.0000,476
WP000152,157320,300.0000,1,,0.0000,300.0000,476
WP000151,157320,300.0000,1,,0.0000,300.0000,476
WP000150,157320,300.0000,1,,0.0000,300.0000,476
WP000149,157320,300.0000,1,,0.0000,300.0000,476
WP000148,157320,300.0000,1,,0.0000,300.0000,476
WP000147,153576,144.0000,4,,0.0000,576.0000,469
WP000146,157320,300.0000,3,,0.0000,900.0000,476
WP000146,155823PS,0.0000,1,,0.0000,0.0000,
WP000146,155823,761.2000,1,,0.0000,761.2000,474
WP000145,157320,300.0000,2,,0.0000,600.0000,476
WP000144,157320,300.0000,1,,0.0000,300.0000,476
WP000143,157320,300.0000,1,,0.0000,300.0000,476
WP000142,157320,300.0000,1,,0.0000,300.0000,476
WP000141,157320,300.0000,2,,0.0000,600.0000,476
WP000140,157320,300.0000,1,,0.0000,300.0000,476
WP000139,157320,300.0000,1,,0.0000,300.0000,476
WP000138,157320,300.0000,1,,0.0000,300.0000,476
WP000137,157320,300.0000,2,,0.0000,600.0000,476
WP000136,157320,300.0000,1,,0.0000,300.0000,476
WP000135,157320,300.0000,1,,0.0000,300.0000,476
WP000134,157320,300.0000,1,,0.0000,300.0000,476
WP000133,157320,300.0000,1,,0.0000,300.0000,476
WP000132,157320,300.0000,2,,0.0000,600.0000,476
WP000131,157320,300.0000,1,,0.0000,300.0000,476
WP000130,157320,300.0000,1,,0.0000,300.0000,476
WP000129,157320,300.0000,1,,0.0000,300.0000,476
WP000128,157320,300.0000,1,,0.0000,300.0000,476
WP000127,157320,300.0000,2,,0.0000,600.0000,476
WP000126,157320,300.0000,1,,0.0000,300.0000,476
WP000125,157320,300.0000,2,,0.0000,600.0000,476
WP000124,157320,300.0000,1,,0.0000,300.0000,476
WP000123,157320,300.0000,1,,0.0000,300.0000,476
WP000122,157320,300.0000,1,,0.0000,300.0000,476
WP000121,157320,300.0000,1,,0.0000,300.0000,476
WP000120,157320,300.0000,1,,0.0000,300.0000,476
WP000119,157320,300.0000,1,,0.0000,300.0000,476
WP000118,153576,144.0000,2,,0.0000,288.0000,469
WP000117,157320,300.0000,1,,0.0000,300.0000,476
WP000116,157320,300.0000,2,,0.0000,600.0000,476
WP000115,157320,300.0000,1,,0.0000,300.0000,476
WP000114,157320,300.0000,2,,0.0000,600.0000,476
WP000113,157320,300.0000,2,,0.0000,600.0000,476
WP000112,157320,300.0000,1,,0.0000,300.0000,476
WP000111,157320,300.0000,3,,0.0000,900.0000,476
WP000110,157320,300.0000,1,,0.0000,300.0000,476
WP000109,157208,600.0000,1,,0.0000,600.0000,476
WP000108,157320,300.0000,1,,0.0000,300.0000,476
WP000107,157208,600.0000,2,,0.0000,"1,200.0000",476
WP000106,157208,600.0000,2,,0.0000,"1,200.0000",476
WP000105,157320,300.0000,1,,0.0000,300.0000,476
WP000104,157320,300.0000,1,,0.0000,300.0000,476
WP000103,157208,600.0000,2,,0.0000,"1,200.0000",476
WP000102,157320,300.0000,1,,0.0000,300.0000,476
WP000101,157208,600.0000,1,,0.0000,600.0000,476
WP000100,153576,144.0000,6,,0.0000,864.0000,469
WP000099,157320,300.0000,1,,0.0000,300.0000,476
WP000098,153576,144.0000,4,,0.0000,576.0000,469
WP000097,157208,600.0000,1,,0.0000,600.0000,476
WP000096,157320,300.0000,1,,0.0000,300.0000,476
WP000095,157320,300.0000,1,,0.0000,300.0000,476
WP000094,157320,300.0000,1,,0.0000,300.0000,476
WP000093,157320,300.0000,1,,0.0000,300.0000,476
WP000092,157320,300.0000,1,,0.0000,300.0000,476
WP000091,157320,300.0000,1,,0.0000,300.0000,476
WP000090,157208,600.0000,1,,0.0000,600.0000,476
WP000089,157320,300.0000,1,,0.0000,300.0000,476
WP000088,157320,300.0000,1,,0.0000,300.0000,476
WP000087,157320,300.0000,1,,0.0000,300.0000,476
WP000086,157208,600.0000,1,,0.0000,600.0000,476
WP000085,157320,300.0000,1,,0.0000,300.0000,476
WP000084,157208,600.0000,1,,0.0000,600.0000,476
WP000083,157208,600.0000,1,,0.0000,600.0000,476
WP000082,157320,300.0000,1,,0.0000,300.0000,476
WP000081,157208,600.0000,1,,0.0000,600.0000,476
WP000080,152574,130.0000,1,,0.0000,130.0000,522
WP000079,157320,300.0000,1,,0.0000,300.0000,476
WP000078,157320,300.0000,1,,0.0000,300.0000,476
WP000077,157320,300.0000,1,,0.0000,300.0000,476
WP000076,153576,144.0000,6,,0.0000,864.0000,469
WP000075,157320,300.0000,1,,0.0000,300.0000,476
WP000074,153576,144.0000,3,,0.0000,432.0000,469
WP000073,153576,144.0000,6,,0.0000,864.0000,469
WP000072,153576,144.0000,3,,0.0000,432.0000,469
WP000071,157320,300.0000,8,0.0000,0.0000,"2,400.0000",476
WP000071,157320PS,0.0000,1,0.0000,0.0000,0.0000,
WP000022,155823,761.2000,1,,0.0000,761.2000,474
WP000070,157208,600.0000,1,,0.0000,600.0000,476
WP000069,156217,155.0000,15,15.0000,348.7500,"2,325.0000",494
WP000068,153576,144.0000,2,,0.0000,288.0000,469
WP000067,153576,144.0000,2,,0.0000,288.0000,469
WP000066,152574,130.0000,1,,0.0000,130.0000,522
WP000064,155823,761.2000,1,,0.0000,761.2000,474
WP000063,157082,190.0000,1,,0.0000,190.0000,
WP000062,157082,190.0000,1,,0.0000,190.0000,
WP000061,157082,190.0000,1,,0.0000,190.0000,
WP000060,155959,43.5000,1,,0.0000,43.5000,
WP000029,154915,132.5000,1,,0.0000,132.5000,500
WP000029,157082,190.0000,2,,0.0000,380.0000,
WP000029,155959,43.5000,1,,0.0000,43.5000,
WP000059,157082,190.0000,1,,0.0000,190.0000,
WP000058,141001,165.0000,1,,0.0000,165.0000,478
WP000025,157082,190.0000,1,,0.0000,190.0000,
WP000025,157317,93.7500,1,,0.0000,93.7500,500
WP000057,157082,190.0000,1,,0.0000,190.0000,
WP000056,141001,165.0000,1,,0.0000,165.0000,478
WP000026,157082,190.0000,2,,0.0000,380.0000,
WP000021,157082,190.0000,1,,0.0000,190.0000,
WP000055,157082,190.0000,1,,0.0000,190.0000,
WP000054,157082,190.0000,1,,0.0000,190.0000,
WP000053,152663,100.5000,1,,0.0000,100.5000,489
WP000051,141001,165.0000,1,,0.0000,165.0000,478
WP000050,154606,60.0000,1,,0.0000,60.0000,467
WP000044,154606,60.0000,1,,0.0000,60.0000,467
WP000048,152363,78.0000,1,,0.0000,78.0000,472
WP000046,152363,78.0000,1,,0.0000,78.0000,472
WP000045,152363,78.0000,1,,0.0000,78.0000,472
WP000027,152228,17.0000,1,,0.0000,17.0000,584
WP000019,153261,76.6000,1,,0.0000,76.6000,464
WP000016,152258,127.0000,1,,0.0000,127.0000,465
WP000013,154915,132.5000,2,,0.0000,265.0000,500
WP000012,154915,132.5000,2,,0.0000,265.0000,500
WP000011,152365,237.0000,2,,0.0000,474.0000,472
WP000010,141001,165.0000,1,,0.0000,165.0000,478
WP000008,153202,246.0000,2,,0.0000,492.0000,528
WP000007,153202,246.0000,1,,0.0000,246.0000,528
WP000006,151918,79.7000,1,,0.0000,79.7000,467
WP000005,141001,165.0000,1,,0.0000,165.0000,478
WP000004,141001,165.0000,1,,0.0000,165.0000,478
WP000004,152671,82.0000,1,,0.0000,82.0000,510
WP000003,AH140651,399.0000,1,,0.0000,399.0000,478
WP000003,156420BX,"1,200.0000",1,,0.0000,"1,200.0000",468
WP000003,152575,273.0000,1,,0.0000,273.0000,522
WP000002,152576,130.0000,1,,0.0000,130.0000,522
WP000002,140640,115.5000,1,,0.0000,115.5000,499
WP000002,152574,130.0000,1,,0.0000,130.0000,522
WP000001,152576,130.0000,1,,0.0000,130.0000,522
